700~ 騰訊控股~ 5,731.61B~ 54.78x~ 0.20%
3690~ 美團－Ｗ~ 1,740.82B~ 698.11x~ -
175~ 吉利汽車~ 187.23B~ 19.36x~ 1.31%
9988~ 阿里巴巴－ＳＷ~ 6,489.19B~ -~ -
1810~ 小米集團－Ｗ~ 535.73B~ 48.06x~ -
2382~ 舜宇光學科技~ 154.65B~ 34.90x~ 0.57%
981~ 中芯國際~ 183.61B~ 76.44x~ -
1299~ 友邦保險~ 942.71B~ 18.10x~ 1.65%
388~ 香港交易所~ 479.24B~ 50.46x~ 1.77%
1211~ 比亞迪股份~ 155.82B~ 310.88x~ 0.04%
2318~ 中國平安~ 593.57B~ 8.54x~ 2.91%
939~ 建設銀行~ 1,355.95B~ 4.90x~ 6.20%
5~ 匯豐控股~ 699.41B~ 14.63x~ -
1398~ 工商銀行~ 399.25B~ 4.98x~ 6.25%
2126~ 藥明巨諾－Ｂ~ 8.27B~ -~ -
2333~ 長城汽車~ 43.88B~ 26.32x~ 1.94%
2628~ 中國人壽~ 129.62B~ 7.74x~ 4.59%
3968~ 招商銀行~ 194.65B~ 10.64x~ 3.10%
788~ 中國鐵塔~ 60.19B~ 39.21x~ 1.23%
9618~ 京東集團－ＳＷ~ 1,007.79B~ -~ -
941~ 中國移動~ 1,004.32B~ 8.55x~ 6.63%
2269~ 藥明生物~ 293.60B~ 242.09x~ -
1347~ 華虹半導體~ 40.02B~ 31.39x~ -
3988~ 中國銀行~ 214.90B~ 3.84x~ 8.14%
285~ 比亞迪電子~ 76.49B~ 43.85x~ 0.23%
1833~ 平安好醫生~ 116.45B~ -~ -
1579~ 頤海國際~ 106.26B~ 124.78x~ 0.22%
1177~ 中國生物製藥~ 148.52B~ 50.06x~ 0.76%
3908~ 中金公司~ 36.55B~ 17.75x~ -
2018~ 瑞聲科技~ 51.17B~ 21.01x~ 0.24%
11~ 恒生銀行~ 240.70B~ 9.86x~ 5.32%
6969~ 思摩爾國際~ 250.67B~ -~ -
16~ 新鴻基地產~ 291.80B~ 12.41x~ 4.92%
2388~ 中銀香港~ 238.41B~ 7.41x~ 6.38%
9999~ 網易－Ｓ~ 454.00B~ -~ 0.63%
968~ 信義光能~ 115.20B~ 44.72x~ 1.26%
1928~ 金沙中國有限公司~ 230.15B~ 14.51x~ 3.48%
1093~ 石藥集團~ 96.98B~ 23.87x~ 1.75%
1088~ 中國神華~ 46.08B~ 5.90x~ 10.17%
2899~ 紫金礦業~ 35.62B~ 30.67x~ 1.76%
1~ 長和~ 187.79B~ 4.72x~ 5.98%
1801~ 信達生物~ 81.55B~ -~ -
2601~ 中國太保~ 70.63B~ 7.61x~ 5.16%
883~ 中國海洋石油~ 325.47B~ 4.86x~ 8.92%
1918~ 融創中國~ 138.43B~ 4.55x~ 4.52%
2238~ 廣汽集團~ 25.19B~ 11.52x~ 2.43%
868~ 信義玻璃~ 63.13B~ 13.99x~ 3.01%
6865~ 福萊特玻璃~ 9.33B~ 51.12x~ 0.36%
2331~ 李寧~ 100.65B~ 59.94x~ 0.42%
7~ 香港金融集團~ 820.00M~ 1.24x~ -
241~ 阿里健康~ 278.46B~ -~ -
763~ 中興通訊~ 13.75B~ 13.57x~ 1.20%
291~ 華潤啤酒~ 152.63B~ 105.68x~ 0.41%
762~ 中國聯通~ 151.15B~ 12.20x~ 3.28%
2007~ 碧桂園~ 217.93B~ 4.88x~ 6.13%
27~ 銀河娛樂~ 232.33B~ 17.77x~ 0.84%
6988~ 樂享互動~ 8.69B~ -~ -
2020~ 安踏體育~ 236.54B~ 40.27x~ 0.65%
6030~ 中信証券~ 39.05B~ 15.41x~ 3.21%
386~ 中國石油化工股份~ 80.87B~ 6.08x~ 9.09%
2313~ 申洲國際~ 207.14B~ 37.18x~ 1.38%
1109~ 華潤置地~ 228.19B~ 7.13x~ 3.73%
288~ 萬洲國際~ 89.03B~ 7.77x~ 5.22%
669~ 創科實業~ 196.97B~ 40.93x~ 1.03%
873~ 世茂服務~ 36.42B~ -~ -
9698~ 萬國數據－ＳＷ~ 123.21B~ -~ -
914~ 海螺水泥~ 63.94B~ 7.04x~ 4.43%
960~ 龍湖集團~ 260.18B~ 12.67x~ 3.15%
1288~ 農業銀行~ 84.83B~ 4.28x~ 7.21%
853~ 微創醫療~ 52.44B~ 127.52x~ 0.18%
2328~ 中國財險~ 37.39B~ 4.53x~ 9.30%
688~ 中國海外發展~ 213.40B~ 4.71x~ 5.24%
1999~ 敏華控股~ 47.23B~ 28.96x~ 1.53%
992~ 聯想集團~ 58.99B~ 11.28x~ 5.66%
6862~ 海底撈~ 278.25B~ 108.09x~ 0.29%
268~ 金蝶國際~ 71.91B~ 162.62x~ 0.06%
1336~ 新華保險~ 33.24B~ 6.28x~ 4.80%
2319~ 蒙牛乳業~ 149.76B~ 32.95x~ 0.52%
3888~ 金山軟件~ 55.32B~ -~ 0.50%
1658~ 郵儲銀行~ 79.62B~ 5.08x~ 5.70%
857~ 中國石油股份~ 47.89B~ 8.35x~ 7.49%
6098~ 碧桂園服務~ 130.51B~ 68.09x~ 0.35%
2202~ 萬科企業~ 47.14B~ 6.47x~ 4.48%
3333~ 中國恒大~ 208.94B~ 10.92x~ 4.53%
2013~ 微盟集團~ 22.86B~ 59.89x~ -
1919~ 中遠海控~ 13.75B~ 8.82x~ -
3323~ 中國建材~ 36.71B~ 6.67x~ 4.03%
1169~ 海爾電器~ 88.17B~ 10.94x~ 1.57%
6186~ 中國飛鶴~ 158.83B~ 33.71x~ 1.87%
1772~ 贛鋒鋰業~ 11.66B~ 159.23x~ 0.68%
3913~ 合景悠活~ 11.31B~ -~ -
3606~ 福耀玻璃~ 16.86B~ 26.42x~ 2.46%
1113~ 長實集團~ 137.57B~ 4.72x~ 5.15%
2359~ 藥明康德~ 39.34B~ 144.47x~ 0.21%
6837~ 海通證券~ 22.57B~ 7.34x~ 4.87%
1997~ 九龍倉置業~ 96.70B~ 24.62x~ 5.37%
728~ 中國電信~ 35.10B~ 9.13x~ 4.94%
2689~ 玖龍紙業~ 51.14B~ 10.77x~ 3.32%
358~ 江西銅業股份~ 13.56B~ 12.71x~ 1.11%
6185~ 康希諾生物—Ｂ~ 19.22B~ -~ -
6808~ 高鑫零售~ 80.99B~ 25.74x~ 1.77%
1876~ 百威亞太~ 297.97B~ 38.46x~ 0.91%
17~ 新世界發展~ 93.68B~ 85.64x~ 5.55%
1066~ 威高股份~ 68.19B~ 33.50x~ 0.92%
813~ 世茂集團~ 99.58B~ 7.78x~ 5.51%
1776~ 廣發証券~ 18.41B~ 9.98x~ 3.53%
520~ 呷哺呷哺~ 14.84B~ 46.48x~ 0.60%
966~ 中國太平~ 44.13B~ 5.00x~ 2.44%
2096~ 先聲藥業~ 24.38B~ -~ -
998~ 中信銀行~ 49.25B~ 3.20x~ 7.89%
1995~ 永升生活服務~ 22.88B~ 85.95x~ 0.35%
3692~ 翰森製藥~ 199.76B~ 66.18x~ -
384~ 中國燃氣~ 127.07B~ 13.83x~ 2.05%
3993~ 洛陽鉬業~ 12.15B~ 32.77x~ 1.52%
9922~ 九毛九~ 24.15B~ 92.23x~ -
168~ 青島啤酒股份~ 41.20B~ 41.86x~ 0.94%
8083~ 中國有贊~ 30.35B~ -~ -
3328~ 交通銀行~ 139.34B~ 3.63x~ 8.67%
9926~ 康方生物－Ｂ~ 20.54B~ -~ -
9633~ 農夫山泉~ 181.49B~ -~ -
881~ 中升控股~ 126.30B~ 25.49x~ 0.81%
2~ 中電控股~ 182.78B~ 39.25x~ 4.26%
1099~ 國藥控股~ 23.91B~ 7.73x~ 3.68%
425~ 敏實集團~ 37.56B~ 20.21x~ 2.02%
3898~ 中車時代電氣~ 13.40B~ 9.88x~ 2.01%
1308~ 海豐國際~ 35.75B~ 20.63x~ 3.67%
1108~ 洛陽玻璃股份~ 1.07B~ 40.17x~ -
3~ 香港中華煤氣~ 200.10B~ 28.72x~ 2.96%
1114~ BRILLIANCE CHI~ 34.71B~ 4.68x~ 5.96%
6886~ HTSC~ 21.48B~ 11.04x~ 2.63%
489~ 東風集團股份~ 16.39B~ 3.52x~ 6.70%
2688~ 新奧能源~ 107.32B~ 17.04x~ 1.75%
3998~ 波司登~ 36.59B~ 27.51x~ 2.65%
2338~ 濰柴動力~ 29.45B~ 12.13x~ 2.09%
66~ 港鐵公司~ 237.94B~ 19.82x~ 3.19%
6060~ 眾安在綫~ 18.51B~ -~ -
1128~ 永利澳門~ 58.00B~ 11.44x~ -
1585~ 雅迪控股~ 31.56B~ 55.04x~ 0.95%
1988~ 民生銀行~ 35.77B~ 3.23x~ 9.42%
1044~ 恒安國際~ 63.58B~ 14.94x~ 5.07%
522~ ASM PACIFIC~ 30.81B~ 49.47x~ 1.86%
354~ 中國軟件國際~ 16.15B~ 17.59x~ 0.37%
1193~ 華潤燃氣~ 76.36B~ 14.25x~ 2.64%
772~ 閱文集團~ 63.84B~ 51.52x~ -
2196~ 復星醫藥~ 17.77B~ 22.74x~ 1.34%
817~ 中國金茂~ 50.81B~ 6.56x~ 5.76%
1787~ 山東黃金~ 13.43B~ 58.81x~ 0.41%
1339~ 中國人民保險集團~ 20.41B~ 4.27x~ 7.16%
19~ 太古股份公司Ａ~ 33.67B~ 6.20x~ 6.32%
1813~ 合景泰富集團~ 33.43B~ 3.10x~ 8.69%
708~ 恒大汽車~ 189.11B~ -~ -
586~ 海螺創業~ 62.98B~ 8.23x~ 1.86%
267~ 中信股份~ 169.59B~ 3.15x~ 6.60%
6~ 電能實業~ 85.37B~ 11.97x~ 7.00%
6088~ FIT HON TENG~ 20.65B~ 10.77x~ -
1797~ 新東方在綫~ 24.15B~ -~ -
3311~ 中國建築國際~ 28.72B~ 5.31x~ 5.80%
2163~ 遠大住工~ 3.25B~ 13.89x~ 2.04%
270~ 粵海投資~ 78.97B~ 15.66x~ 4.81%
1800~ 中國交通建設~ 18.20B~ 3.25x~ 6.18%
390~ 中國中鐵~ 15.86B~ 3.63x~ 4.90%
6881~ 中國銀河~ 16.83B~ 8.07x~ 3.84%
1268~ 美東汽車~ 38.94B~ 59.90x~ 1.22%
1157~ 中聯重科~ 9.71B~ 10.99x~ 3.40%
8~ 電訊盈科~ 36.63B~ 53.74x~ 6.79%
1038~ 長江基建集團~ 100.19B~ 9.07x~ 6.51%
3808~ 中國重汽~ 54.55B~ 14.99x~ 1.97%
4~ 九龍倉集團~ 49.33B~ 14.56x~ 1.70%
909~ 明源雲~ 68.41B~ -~ -
2883~ 中海油田服務~ 8.56B~ 8.22x~ 3.69%
2208~ 金風科技~ 8.12B~ 18.85x~ 1.67%
916~ 龍源電力~ 18.13B~ 9.20x~ 2.16%
2611~ 國泰君安~ 14.75B~ 10.77x~ 4.03%
2357~ 中航科工~ 25.46B~ 17.02x~ 0.80%
819~ 天能動力~ 14.07B~ 7.64x~ 3.12%
6818~ 中國光大銀行~ 34.99B~ 3.70x~ 8.45%
1717~ 澳優~ 18.62B~ 17.80x~ 2.03%
9987~ 百勝中國－Ｓ~ 170.15B~ -~ 0.23%
101~ 恒隆地產~ 89.05B~ 14.43x~ 3.84%
598~ 中國外運~ 5.34B~ 6.00x~ 5.29%
1310~ 香港寬頻~ 15.97B~ 164.37x~ 6.16%
6066~ 中信建投証券~ 12.54B~ 13.63x~ 2.57%
1691~ ＪＳ環球生活~ 55.82B~ 54.55x~ 3.57%
6110~ 滔搏~ 65.11B~ 23.61x~ 6.38%
1818~ 招金礦業~ 27.24B~ 63.74x~ 0.42%
1789~ 愛康醫療~ 20.04B~ 64.15x~ 0.42%
12~ 恒基地產~ 136.28B~ 8.02x~ 6.39%
2888~ 渣打集團~ 115.20B~ 8.21x~ -
1376~ RAFFLESINTERIOR~ 460.00M~ -~ -
1458~ 周黑鴨~ 18.82B~ 41.15x~ 1.39%
1727~ 河北建設~ 12.18B~ 55.28x~ 0.58%
357~ 美蘭空港~ 7.91B~ 26.27x~ -
656~ 復星國際~ 82.01B~ 5.10x~ 2.79%
884~ 旭輝控股集團~ 45.62B~ 6.14x~ 7.03%
1858~ 春立醫療~ 3.25B~ 44.78x~ -
3319~ 雅生活服務~ 43.46B~ 31.79x~ 1.51%
754~ 合生創展集團~ 42.58B~ 4.50x~ 4.69%
135~ 昆侖能源~ 45.28B~ 7.17x~ 5.41%
3669~ 永達汽車~ 22.03B~ 12.71x~ 2.42%
1055~ 中國南方航空股份~ 18.21B~ 18.12x~ -
902~ 華能國際電力股份~ 14.05B~ 274.31x~ 4.93%
1186~ 中國鐵建~ 10.79B~ 3.40x~ 4.42%
83~ 信和置業~ 65.87B~ 38.30x~ 5.88%
1766~ 中國中車~ 13.33B~ 6.79x~ 5.37%
2588~ 中銀航空租賃~ 33.55B~ 6.13x~ 5.69%
2039~ 中集集團~ 24.47B~ 29.47x~ 1.10%
3969~ 中國通號~ 5.45B~ 6.64x~ 7.91%
836~ 華潤電力~ 39.06B~ 5.93x~ 7.06%
1888~ 建滔積層板~ 38.49B~ 15.83x~ 21.88%
493~ 國美零售~ 19.83B~ -~ -
2282~ 美高梅中國~ 36.21B~ 18.75x~ 0.87%
1821~ ESR~ 70.35B~ 33.09x~ -
1316~ 耐世特~ 15.79B~ 8.71x~ 3.98%
2342~ 京信通信~ 7.14B~ 42.07x~ 0.73%
6823~ 香港電訊—ＳＳ~ 75.75B~ 14.51x~ 7.05%
3800~ 保利協鑫能源~ 7.50B~ -~ -
1313~ 華潤水泥控股~ 70.94B~ 8.23x~ 6.00%
934~ 中石化冠德~ 6.93B~ 5.40x~ 7.17%
1530~ 三生製藥~ 18.64B~ 17.47x~ -
2400~ 心動公司~ 16.80B~ 34.72x~ -
1233~ 時代中國控股~ 21.82B~ 3.67x~ 8.21%
1966~ 中駿集團控股~ 14.18B~ 3.62x~ 7.44%
3347~ 泰格醫藥~ 15.71B~ -~ -
1378~ 中國宏橋~ 49.71B~ 7.43x~ 8.45%
1873~ 維亞生物~ 15.01B~ 37.90x~ 0.41%
322~ 康師傅控股~ 80.09B~ 21.98x~ 4.62%
2869~ 綠城服務~ 27.73B~ 45.97x~ 0.87%
1208~ 五礦資源~ 16.04B~ -~ -
1929~ 周大福~ 98.10B~ 33.82x~ 2.45%
3360~ 遠東宏信~ 30.55B~ 6.18x~ 4.29%
1951~ 錦欣生殖~ 23.03B~ 46.58x~ 0.72%
2019~ 德信中國~ 8.10B~ 4.56x~ 2.90%
2500~ 啟明醫療－Ｂ~ 15.10B~ -~ -
3383~ 雅居樂集團~ 42.53B~ 5.13x~ 8.29%
1070~ ＴＣＬ電子~ 13.22B~ 5.40x~ 3.76%
3380~ 龍光集團~ 66.56B~ 5.44x~ 7.30%
1137~ 香港電視~ 10.47B~ -~ -
3868~ 信義能源~ 27.37B~ 25.62x~ 3.77%
2607~ 上海醫藥~ 11.39B~ 7.90x~ 3.88%
3331~ 維達國際~ 25.18B~ 22.04x~ 1.48%
880~ 澳博控股~ 47.33B~ 14.73x~ 2.64%
780~ 同程藝龍~ 28.10B~ 35.33x~ -
136~ 恒騰網絡~ 27.06B~ 279.17x~ -
3883~ 中國奧園~ 19.94B~ 4.31x~ 8.14%
371~ 北控水務集團~ 29.96B~ 6.01x~ 5.42%
753~ 中國國航~ 23.08B~ 9.91x~ 0.96%
1337~ 雷蛇~ 20.33B~ -~ -
1415~ 高偉電子~ 2.97B~ 13.04x~ 39.07%
1972~ 太古地產~ 123.43B~ 9.20x~ 4.22%
102~ 凱升控股~ 3.69B~ 16.11x~ -
1548~ 金斯瑞生物科技~ 21.72B~ -~ -
1030~ 新城發展~ 37.88B~ 4.20x~ 5.55%
1171~ 兗州煤業股份~ 10.69B~ 2.69x~ 11.27%
152~ 深圳國際~ 26.85B~ 5.22x~ 9.56%
1138~ 中遠海能~ 3.87B~ 26.67x~ 1.46%
1089~ 樂遊科技控股~ 10.08B~ -~ -
2777~ 富力地產~ 37.29B~ 3.04x~ 13.71%
148~ 建滔集團~ 29.01B~ 9.21x~ 5.26%
6049~ 保利物業~ 8.43B~ 41.34x~ 0.60%
1060~ 阿里影業~ 27.36B~ -~ -
1765~ 希望教育~ 13.74B~ 23.57x~ 1.32%
1882~ 海天國際~ 34.55B~ 17.82x~ 1.99%
636~ 嘉里物流~ 28.51B~ 7.18x~ 1.83%
1908~ 建發國際集團~ 15.27B~ 5.93x~ 6.32%
1910~ 新秀麗~ 11.42B~ 11.02x~ -
392~ 北京控股~ 30.41B~ 3.78x~ 4.73%
2186~ 綠葉製藥~ 14.26B~ 8.79x~ 1.37%
839~ 中教控股~ 27.90B~ 39.79x~ 1.73%
6169~ 宇華教育~ 20.73B~ 37.30x~ 2.50%
1359~ 中國信達~ 20.35B~ 4.43x~ 7.49%
694~ 北京首都機場股份~ 9.02B~ 7.95x~ 3.49%
512~ 遠大醫藥~ 21.97B~ 17.63x~ 1.55%
1773~ 天立教育~ 13.44B~ 45.51x~ 0.63%
151~ 中國旺旺~ 62.97B~ 16.04x~ 6.27%
9909~ 寶龍商業~ 13.14B~ 42.89x~ 1.42%
908~ 珠海控股投資~ 2.71B~ 30.69x~ -
1877~ 君實生物~ 8.31B~ -~ -
659~ 新創建集團~ 26.43B~ 104.48x~ 8.58%
3900~ 綠城中國~ 32.07B~ 21.24x~ 2.57%
570~ 中國中藥~ 15.66B~ 9.02x~ 1.53%
6989~ 卓越商企服務~ 12.60B~ -~ -
3759~ 康龍化成~ 15.07B~ 124.31x~ 0.15%
1385~ 上海復旦~ 3.52B~ -~ -
552~ 中國通信服務~ 10.78B~ 9.38x~ 3.85%
1679~ 瑞斯康集團~ 1.40B~ -~ -
1558~ 東陽光藥~ 5.85B~ 3.83x~ 3.10%
177~ 江蘇寧滬高速公路~ 9.92B~ 8.92x~ 6.20%
257~ 光大環境~ 24.51B~ 4.71x~ 6.77%
2057~ 中通快遞－ＳＷ~ 195.00B~ -~ -
2128~ 中國聯塑~ 39.89B~ 11.95x~ 3.11%
1638~ 佳兆業集團~ 22.74B~ 4.50x~ 3.50%
6099~ 招商證券~ 12.74B~ 9.90x~ 3.88%
2314~ 理文造紙~ 25.99B~ 8.09x~ 4.18%
1769~ 思考樂教育~ 10.80B~ 92.09x~ 0.93%
6078~ 海吉亞醫療~ 30.62B~ -~ -
1508~ 中國再保險~ 4.94B~ 4.76x~ 6.50%
1223~ 新灃集團~ 2.76B~ 38.59x~ 0.86%
6178~ 光大證券~ 4.69B~ 49.41x~ 0.60%
799~ IGG~ 10.41B~ 8.22x~ 8.01%
2130~ 嘉泓物流~ 1.00B~ -~ -
6160~ 百濟神州~ 209.86B~ -~ -
3709~ 贏家時尚（五百）~ 11.34B~ 21.89x~ 0.97%
1302~ 先健科技~ 8.53B~ 57.77x~ -
1249~ 通力電子~ 3.13B~ 11.19x~ 3.05%
1429~ 天任集團~ 384.00M~ -~ -
200~ 新濠國際發展~ 19.88B~ 28.79x~ 0.23%
3396~ 聯想控股~ 13.53B~ 6.34x~ 3.40%
551~ 裕元集團~ 21.92B~ 9.35x~ 5.15%
1478~ 丘鈦科技~ 10.31B~ 16.50x~ 1.14%
670~ 中國東方航空股份~ 16.04B~ 13.44x~ 1.77%
6998~ 嘉和生物－Ｂ~ 8.98B~ -~ -
1622~ 力高集團~ 12.39B~ 10.97x~ 0.94%
6158~ 正榮地產~ 20.26B~ 7.14x~ 2.16%
2772~ 中梁控股~ 18.41B~ 4.01x~ 9.55%
3738~ 阜博集團~ 2.77B~ -~ -
683~ 嘉里建設~ 28.22B~ 4.09x~ 6.97%
3618~ 重慶農村商業銀行~ 8.14B~ 3.13x~ 7.76%
208~ 保利達資產~ 2.84B~ 4.02x~ 11.56%
1958~ 北京汽車~ 7.31B~ 5.32x~ 6.42%
564~ 鄭煤機~ 2.02B~ 12.64x~ 2.44%
338~ 上海石油化工股份~ 5.24B~ 6.68x~ 8.73%
2799~ 中國華融~ 20.78B~ 20.80x~ 1.46%
2616~ 基石藥業－Ｂ~ 12.39B~ -~ -
144~ 招商局港口~ 30.34B~ 3.39x~ 9.04%
9969~ 諾誠健華－Ｂ~ 14.02B~ -~ -
9983~ 建業新生活~ 8.90B~ -~ 0.92%
576~ 浙江滬杭甬~ 7.65B~ 5.68x~ 7.27%
579~ 京能清潔能源~ 6.33B~ 8.09x~ 3.52%
410~ ＳＯＨＯ中國~ 10.97B~ 7.50x~ -
302~ 中手游~ 7.03B~ 21.07x~ 1.18%
345~ VITASOY INT'L~ 33.54B~ 62.50x~ 1.02%
1448~ 福壽園~ 18.59B~ 28.25x~ 0.93%
1610~ 中糧家佳康~ 10.22B~ 5.94x~ 6.34%
2669~ 中海物業~ 18.07B~ 33.62x~ 0.91%
9928~ 時代鄰里~ 7.68B~ 54.47x~ 0.46%
303~ VTECH HOLDINGS~ 13.13B~ 8.82x~ 7.91%
3680~ 索信達控股~ 1.62B~ 275.51x~ -
1628~ 禹洲集團~ 17.03B~ 3.96x~ 12.05%
1952~ 雲頂新耀－Ｂ~ 16.62B~ -~ -
2380~ 中國電力~ 15.00B~ 10.72x~ 9.32%
6069~ 盛業資本~ 5.00B~ 15.21x~ 0.99%
2308~ 研祥智能~ 684.54M~ 9.53x~ -
305~ 五菱汽車~ 1.47B~ -~ 0.63%
9923~ 移卡~ 17.64B~ -~ -
6978~ 永泰生物－Ｂ~ 3.37B~ -~ -
1463~ C-LINK SQ~ 1.61B~ -~ -
2600~ 中國鋁業~ 6.86B~ 43.18x~ -
3320~ 華潤醫藥~ 25.13B~ 7.65x~ 2.75%
1513~ 麗珠醫藥~ 10.63B~ 21.79x~ 3.77%
123~ 越秀地產~ 23.22B~ 5.56x~ 7.07%
1589~ 中國物流資產~ 12.99B~ 35.75x~ -
3377~ 遠洋集團~ 11.72B~ 4.04x~ 5.71%
861~ 神州控股~ 9.61B~ 31.40x~ 1.74%
6128~ 泛亞國際~ 1.88B~ -~ -
1853~ 春城熱力~ 371.10M~ 8.24x~ 5.86%
1755~ 新城悅服務~ 15.15B~ 48.50x~ 1.07%
1816~ 中廣核電力~ 18.53B~ 7.53x~ 5.00%
548~ 深圳高速公路股份~ 5.29B~ 5.58x~ 8.03%
2001~ 新高教集團~ 6.57B~ 14.82x~ 1.99%
53078~ 恆指瑞通E3月RC23~ -~ -~ -
2343~ 太平洋航運~ 5.50B~ 26.81x~ 1.83%
2638~ 港燈—ＳＳ~ 70.07B~ 30.12x~ 4.04%
293~ 國泰航空~ 34.56B~ 12.49x~ -
1357~ 美圖公司~ 5.77B~ -~ -
1071~ 華電國際電力股份~ 3.38B~ 6.23x~ 8.12%
363~ 上海實業控股~ 11.58B~ 3.46x~ 6.94%
1686~ 新意網集團~ 15.29B~ 33.85x~ 2.67%
23~ 東亞銀行~ 43.16B~ 16.63x~ 3.45%
696~ 中國民航信息網絡~ 15.31B~ 17.24x~ 1.93%
1896~ 貓眼娛樂~ 12.31B~ 23.77x~ -
2606~ 藍光嘉寶服務~ 1.77B~ 10.54x~ 2.95%
2866~ 中遠海發~ 3.30B~ 5.45x~ 5.48%
1323~ 華盛國際控股~ 2.57B~ -~ -
1475~ 日清食品~ 7.93B~ 31.64x~ 1.58%
1898~ 中煤能源~ 7.92B~ 3.75x~ 7.24%
1112~ H&H國際控股~ 19.97B~ 18.08x~ 4.77%
3836~ 和諧汽車~ 5.00B~ 8.56x~ 2.36%
3933~ 聯邦制藥~ 12.42B~ 15.79x~ 1.14%
658~ 中國高速傳動~ 9.32B~ 19.44x~ 3.51%
347~ 鞍鋼股份~ 3.24B~ 11.05x~ 2.70%
6123~ 圓通速遞國際~ 2.57B~ 97.63x~ 0.16%
1566~ 華夏文化科技~ 2.92B~ 26.49x~ -
10~ 恒隆集團~ 23.77B~ 3.49x~ 6.19%
9911~ 赤子城科技~ 1.96B~ 21.88x~ -
874~ 白雲山~ 4.14B~ 8.80x~ 3.42%
6869~ 長飛光纖光纜~ 3.83B~ 9.40x~ 3.19%
9991~ 寶尊電商－ＳＷ~ 24.03B~ -~ -
2386~ 中石化煉化工程~ 4.44B~ 5.64x~ 11.78%
81~ 中國海外宏洋集團~ 15.43B~ 4.21x~ 5.88%
2666~ 環球醫療~ 9.25B~ 5.68x~ 5.38%
336~ 華寶國際~ 22.12B~ 18.16x~ 2.25%
1183~ 澳能建設~ 2.54B~ 46.71x~ 2.58%
2727~ 上海電氣~ 6.59B~ 8.15x~ -
3990~ 美的置業~ 21.68B~ 4.47x~ 9.08%
1836~ 九興控股~ 6.33B~ 8.44x~ 5.65%
9616~ 東軟教育~ 3.85B~ -~ -
1913~ 普拉達~ 78.42B~ 35.85x~ -
667~ 中國東方教育~ 33.64B~ 32.96x~ 1.37%
1179~ 華住集團－Ｓ~ 100.26B~ -~ -
1317~ 楓葉教育~ 6.29B~ 8.50x~ 2.67%
2858~ 易鑫集團~ 12.30B~ 357.41x~ -
95~ 綠景中國地產~ 12.58B~ 6.44x~ 2.47%
867~ 康哲藥業~ 20.18B~ 9.46x~ 4.57%
178~ 莎莎國際~ 3.66B~ -~ -
3818~ 中國動向~ 5.65B~ 14.06x~ 5.01%
317~ 中船防務~ 4.60B~ 18.30x~ -
777~ 網龍~ 9.32B~ 9.97x~ 3.01%
831~ 利亞零售~ 3.08B~ 14.84x~ 11.39%
9990~ 祖龍娛樂~ 14.64B~ -~ -
119~ 保利置業集團~ 8.42B~ 2.20x~ 9.09%
3918~ 金界控股~ 35.81B~ 8.81x~ 5.05%
6055~ 中煙香港~ 10.07B~ 27.63x~ 1.10%
1565~ 成實外教育~ 6.14B~ 14.16x~ 4.02%
1477~ 歐康維視生物－Ｂ~ 10.74B~ -~ -
631~ 三一國際~ 13.41B~ 13.18x~ 2.79%
165~ 中國光大控股~ 17.93B~ 8.02x~ 3.48%
1909~ 火岩控股~ 5.00B~ 21.38x~ 0.60%
1521~ 方達控股~ 6.91B~ 42.71x~ -
1883~ 中信國際電訊~ 8.86B~ 8.78x~ 8.26%
2233~ 西部水泥~ 6.20B~ 3.15x~ 6.05%
1859~ 煜盛文化~ 976.00M~ 4.27x~ -
956~ 新天綠色能源~ 3.34B~ 4.57x~ 7.84%
341~ 大家樂集團~ 9.42B~ 126.87x~ 1.18%
1608~ 偉能集團~ 7.56B~ 25.72x~ 1.30%
665~ 海通國際~ 11.16B~ 6.89x~ 4.70%
8420~ NEXION TECH~ 619.20M~ -~ -
639~ 首鋼資源~ 9.09B~ 8.37x~ 9.00%
697~ 首程控股~ 18.69B~ 31.69x~ 4.35%
1996~ 弘陽地產~ 9.50B~ 5.89x~ 4.34%
6958~ 正榮服務~ 4.86B~ -~ -
6068~ 睿見教育~ 5.72B~ 13.78x~ 4.22%
474~ 信銘生命科技~ 2.18B~ -~ -
1199~ 中遠海運港口~ 15.08B~ 5.94x~ 6.97%
1675~ 亞信科技~ 9.90B~ 17.53x~ 2.33%
3958~ 東方證券~ 5.36B~ 13.68x~ 3.14%
3718~ 北控城市資源~ 6.48B~ 17.27x~ -
3633~ 中裕燃氣~ 17.40B~ 38.87x~ 1.06%
3799~ 達利食品~ 65.59B~ 15.63x~ 4.49%
1368~ 特步國際~ 6.66B~ 7.73x~ 5.32%
2038~ 富智康集團~ 6.92B~ -~ -
2107~ 第一服務控股~ 1.31B~ -~ -
2099~ 中國黃金國際~ 4.18B~ -~ -
3798~ 家鄉互動~ 6.46B~ 23.33x~ 1.41%
9989~ 海普瑞~ 2.71B~ -~ -
14~ 希慎興業~ 25.94B~ 5.38x~ 5.78%
1597~ 納泉能源科技~ 465.00M~ -~ -
460~ 四環醫藥~ 8.42B~ -~ 18.51%
3662~ 奧園健康~ 3.65B~ 19.35x~ 1.95%
220~ 統一企業中國~ 28.93B~ 19.30x~ 5.16%
2009~ 金隅集團~ 3.50B~ 3.97x~ 8.74%
8412~ 高門集團~ 148.80M~ -~ -
9668~ 渤海銀行~ 28.08B~ -~ -
3899~ 中集安瑞科~ 7.63B~ 7.46x~ 5.26%
9997~ 康基醫療~ 27.54B~ -~ -
2345~ 上海集優~ 1.39B~ 18.73x~ 2.72%
2696~ 復宏漢霖—Ｂ~ 5.76B~ -~ -
856~ 偉仕佳杰~ 6.96B~ 8.42x~ 3.48%
8619~ WAC HOLDINGS~ 844.80M~ -~ -
3301~ 融信中國~ 9.38B~ 2.70x~ 10.89%
2030~ 卡賓~ 2.09B~ 11.89x~ 3.39%
1072~ 東方電氣~ 1.89B~ 12.27x~ 4.03%
1383~ 太陽城集團~ 4.33B~ -~ -
2098~ 卓爾智聯~ 8.13B~ 80.23x~ -
412~ 山高金融~ 8.91B~ -~ -
906~ 中糧包裝~ 3.93B~ 12.43x~ 5.89%
1817~ 慕尚集團控股~ 5.01B~ 20.05x~ -
806~ 惠理集團~ 6.40B~ 12.47x~ 6.38%
1907~ 中國旭陽集團~ 9.07B~ 5.88x~ 3.21%
2798~ 久泰邦達能源~ 13.32B~ 55.94x~ 0.30%
1652~ 福森藥業~ 3.63B~ 64.33x~ 0.19%
242~ 信德集團~ 7.10B~ 2.06x~ 7.66%
9968~ 滙景控股~ 10.92B~ 13.86x~ 2.16%
8153~ 法諾集團~ 997.57M~ -~ -
468~ 紛美包裝~ 4.62B~ 12.55x~ 7.80%
6826~ 昊海生物科技~ 1.93B~ 19.77x~ 1.56%
1666~ 同仁堂科技~ 2.89B~ 12.91x~ 3.81%
743~ 亞洲水泥（中國）~ 11.57B~ 3.36x~ 7.39%
9993~ 金輝控股~ 17.20B~ -~ -
1930~ 勛龍~ 541.20M~ 18.39x~ 0.74%
1753~ 兌吧~ 3.15B~ -~ -
2005~ 石四藥集團~ 13.04B~ 11.42x~ 2.56%
2198~ 中國三江化工~ 2.70B~ 4.46x~ 14.32%
535~ 金地商置~ 19.80B~ 4.59x~ 6.51%
2101~ 福祿控股~ 2.57B~ -~ -
1222~ WANG ON GROUP~ 956.86M~ 3.42x~ 10.91%
1119~ 創夢天地~ 5.10B~ 12.63x~ -
3309~ 希瑪眼科~ 6.02B~ 132.83x~ 0.38%
2169~ 滄港鐵路~ 1.36B~ -~ -
1788~ 國泰君安國際~ 9.90B~ 8.80x~ 5.24%
327~ 百富環球~ 4.93B~ 8.02x~ 2.86%
1865~ 管道工程~ 1.03B~ 117.89x~ -
832~ 建業地產~ 11.56B~ 5.08x~ 10.27%
2103~ 新力控股集團~ 14.81B~ 5.96x~ 3.41%
1680~ 澳門勵駿~ 6.51B~ -~ -
3613~ 同仁堂國藥~ 6.68B~ 12.01x~ 2.88%
272~ 瑞安房地產~ 8.46B~ 4.00x~ 8.00%
699~ 神州租車~ 5.45B~ 159.63x~ -
185~ 正商實業~ 4.84B~ 2.58x~ 4.36%
811~ 新華文軒~ 2.07B~ 4.66x~ 6.98%
1806~ 匯付天下~ 2.81B~ 9.74x~ -
1971~ 弘陽服務~ 2.13B~ -~ -
1408~ 濠江機電~ 2.20B~ -~ -
204~ 中國投資開發~ 104.76M~ -~ -
1456~ 國聯證券~ 1.45B~ 10.84x~ -
1117~ 現代牧業~ 6.97B~ 17.82x~ -
1333~ 中國忠旺~ 8.66B~ 3.39x~ -
1668~ 華南城~ 6.39B~ 2.43x~ 3.80%
87~ 太古股份公司Ｂ~ 19.41B~ 5.43x~ 7.22%
120~ COSMOPOL INT'L~ 8.13B~ -~ -
1860~ 匯量科技~ 4.94B~ 27.52x~ 2.48%
6198~ 青島港~ 4.86B~ 6.92x~ 4.95%
991~ 大唐發電~ 5.98B~ 42.42x~ 7.24%
784~ 凌銳控股~ 244.00M~ 762.50x~ -
2115~ 捷心隆~ 2.32B~ -~ -
9688~ 再鼎醫藥－ＳＢ~ 55.54B~ -~ -
607~ 豐盛控股~ 3.15B~ -~ -
1252~ 中國天瑞水泥~ 21.68B~ 10.91x~ -
1238~ 寶龍地產~ 22.16B~ 4.76x~ 8.04%
775~ 長江生命科技~ 7.97B~ 43.92x~ 1.20%
337~ 綠地香港~ 6.89B~ 2.57x~ 10.12%
1987~ BENG SOON MACH~ 3.02B~ 136.04x~ -
716~ 勝獅貨櫃~ 821.75M~ -~ 38.24%
3339~ 中國龍工~ 9.20B~ 5.14x~ 11.63%
323~ 馬鞍山鋼鐵股份~ 3.27B~ 11.81x~ 4.63%
6806~ 申萬宏源~ 5.25B~ 8.09x~ 4.17%
3700~ 映客~ 2.38B~ 40.20x~ -
2132~ 譽燊豐控股~ 347.20M~ -~ -
6878~ 鼎豐集團控股~ 5.04B~ 12.05x~ -
2280~ 慧聰集團~ 1.30B~ -~ -
2100~ 百奧家庭互動~ 2.46B~ 14.59x~ 2.78%
2399~ 虎都~ 2.11B~ -~ -
9966~ 康寧傑瑞製藥－Ｂ~ 14.97B~ -~ -
1890~ 中國科培~ 10.90B~ 21.28x~ 1.85%
142~ 第一太平~ 10.68B~ -~ 5.69%
1382~ 互太紡織~ 6.23B~ 8.58x~ 9.95%
382~ 中滙集團~ 5.37B~ 17.12x~ 1.12%
108~ 國銳地產~ 3.67B~ 37.34x~ -
29042~ 阿里瑞通D3月CW21~ -~ -~ -
1052~ 越秀交通基建~ 7.26B~ 5.70x~ 4.84%
1830~ 必瘦站~ 3.69B~ 9.36x~ 11.26%
1428~ 耀才證券金融~ 3.29B~ 6.99x~ 55.67%
751~ 創維集團~ 5.41B~ 7.57x~ -
2006~ 錦江資本~ 1.58B~ 8.60x~ 5.95%
921~ 海信家電~ 5.19B~ 7.86x~ 3.84%
2168~ 佳兆業美好~ 3.28B~ 16.70x~ 2.44%
9977~ 鳳祥股份~ 844.90M~ -~ -
189~ 東岳集團~ 6.56B~ 4.07x~ 7.40%
432~ 盈大地產~ 1.28B~ -~ -
1234~ 中國利郎~ 6.03B~ 6.74x~ 9.52%
604~ 深圳控股~ 21.09B~ 4.99x~ 7.59%
398~ 東方表行集團~ 1.36B~ 13.64x~ 10.21%
486~ 俄鋁~ 43.60B~ 5.82x~ -
440~ 大新金融~ 6.34B~ 3.76x~ 6.80%
737~ 灣區發展~ 7.02B~ 10.24x~ 4.96%
999~ I.T~ 1.39B~ -~ -
1431~ 原生態牧業~ 2.86B~ 11.69x~ -
3306~ 江南布衣~ 4.39B~ 11.09x~ 6.38%
1811~ 中廣核新能源~ 4.41B~ 5.10x~ -
769~ 中國稀土~ 878.13M~ 22.59x~ -
8536~ TL NATURAL GAS~ 215.26M~ -~ -
815~ 中國白銀集團~ 1.25B~ -~ -
38~ 第一拖拉機股份~ 1.14B~ 42.54x~ -
8195~ L&A INTL HOLD~ 486.40M~ -~ -
1802~ 文業集團~ 861.30M~ 14.77x~ -
553~ 南京熊貓電子股份~ 1.17B~ 77.27x~ 0.39%
1083~ 港華燃氣~ 10.42B~ 7.62x~ 4.27%
1618~ 中國中冶~ 3.73B~ 4.41x~ 6.06%
368~ 德合集團~ 768.00M~ -~ -
2298~ 都市麗人~ 2.65B~ -~ -
1091~ 中信大錳~ 1.23B~ -~ -
6111~ 大發地產~ 5.29B~ 9.40x~ 1.75%
59~ 天譽置業~ 8.01B~ 9.00x~ 2.28%
173~ 嘉華國際~ 11.66B~ 3.70x~ 5.63%
2355~ 寶業集團~ 938.81M~ 2.66x~ -
9996~ 沛嘉醫療－Ｂ~ 16.04B~ -~ -
1812~ 晨鳴紙業~ 1.66B~ 8.71x~ 5.09%
2327~ 美瑞健康國際~ 1.83B~ -~ -
2708~ 艾伯科技~ 1.01B~ -~ -
2048~ 易居企業控股~ 11.24B~ 12.29x~ 2.09%
8053~ 比優集團~ 2.66B~ 10.64x~ 2.00%
9979~ 綠城管理控股~ 5.93B~ -~ -
568~ 山東墨龍~ 181.84M~ -~ -
583~ 長城環亞控股~ 744.67M~ 1.53x~ -
1935~ 嘉宏教育~ 5.13B~ 23.74x~ 2.34%
1862~ 景瑞控股~ 2.91B~ 2.94x~ 11.54%
1282~ 寶新金融~ 11.61B~ 14.51x~ -
6196~ 鄭州銀行~ 3.12B~ 4.01x~ 5.31%
1905~ 海通恆信~ 7.24B~ 6.99x~ 7.26%
1709~ 德林控股~ 2.04B~ -~ -
1600~ 天倫燃氣~ 6.40B~ 7.34x~ 4.05%
804~ 鼎石資本~ 446.67M~ 66.00x~ -
1297~ 中國擎天軟件~ 1.33B~ 4.30x~ -
2329~ 國瑞置業~ 3.77B~ 4.02x~ 4.42%
1515~ 華潤醫療~ 6.09B~ 13.78x~ 2.13%
3313~ 雅高控股~ 330.68M~ -~ -
698~ 通達集團~ 2.75B~ 6.85x~ 0.12%
256~ 冠城鐘錶珠寶~ 6.74B~ 151.96x~ -
3302~ 光控精技~ 548.74M~ -~ 0.84%
1332~ 中國透雲~ 1.47B~ -~ -
1899~ 興達國際~ 3.39B~ 10.07x~ 7.11%
3316~ 濱江服務~ 3.81B~ 28.69x~ 2.31%
286~ 愛帝宮~ 1.95B~ 145.71x~ 0.14%
581~ 中國東方集團~ 6.58B~ 1.88x~ 9.04%
3788~ 中國罕王~ 2.98B~ 9.25x~ 7.32%
2552~ 華領醫藥－Ｂ~ 4.11B~ -~ -
45~ 大酒店~ 9.35B~ 18.63x~ 1.59%
1003~ 歡喜傳媒~ 4.69B~ 39.53x~ -
97~ 恒基發展~ 914.19M~ 14.78x~ 6.67%
776~ 帝國集團環球控股~ 1.57B~ -~ -
995~ 安徽皖通高速公路~ 1.90B~ 5.36x~ 6.51%
297~ 中化化肥~ 4.91B~ 7.33x~ 4.20%
1143~ 環亞國際實業~ 231.09M~ -~ -
1981~ 華夏視聽教育~ 6.90B~ -~ -
1375~ 中州證券~ 1.70B~ 87.20x~ 1.56%
945~ 宏利金融—Ｓ~ 209.11B~ 6.66x~ 5.84%
2255~ 海昌海洋公園~ 1.56B~ 56.52x~ -
590~ 六福集團~ 10.94B~ 12.63x~ 5.36%
1098~ 路勁~ 7.16B~ 2.37x~ 11.30%
308~ 香港中旅~ 5.64B~ 14.41x~ 2.94%
1257~ 中國光大綠色環保~ 6.26B~ 3.86x~ 5.28%
6968~ 港龍中國地產~ 6.86B~ -~ -
1432~ 中國聖牧~ 4.44B~ 110.42x~ -
8275~ 永勤集團控股~ 39.60M~ -~ -
855~ 中國水務~ 8.86B~ 5.47x~ 5.37%
622~ 威華達控股~ 4.46B~ -~ -
1427~ 中國天保集團~ 2.78B~ 1.43x~ 1.45%
860~ 力世紀~ 3.19B~ -~ -
400~ 科通芯城~ 2.40B~ 20.21x~ -
1963~ 重慶銀行~ 7.07B~ 3.27x~ 5.76%
672~ 眾安集團~ 1.83B~ 2.70x~ 6.15%
2488~ 元征科技~ 596.71M~ -~ -
32~ 港通控股~ 5.07B~ 6.98x~ 3.08%
3393~ 威勝控股~ 1.92B~ 6.23x~ 10.36%
2060~ 浦江國際~ 2.33B~ 18.95x~ -
8072~ 羅馬集團~ 152.70M~ -~ -
1992~ 復星旅遊文化~ 7.85B~ 11.60x~ 0.31%
3983~ 中海石油化學~ 2.01B~ 6.82x~ 7.27%
8545~ 佰悅集團~ 280.00M~ 37.33x~ -
1283~ 高陞集團控股~ 1.64B~ 19.58x~ 1.55%
1611~ 火幣科技~ 997.10M~ -~ -
951~ 超威動力~ 2.91B~ 4.75x~ 3.18%
6828~ 北京燃氣藍天~ 1.62B~ -~ -
1745~ LVJI TECH~ 1.27B~ 5.45x~ -
2378~ 保誠~ 254.50B~ 41.32x~ 2.49%
282~ 壹傳媒~ 672.23M~ -~ -
1358~ 普華和順~ 3.12B~ 34.79x~ -
2348~ 東瑞製葯~ 1.34B~ 4.90x~ 6.67%
810~ 中國互聯網投資~ 143.30M~ -~ -
511~ 電視廣播~ 2.71B~ -~ 3.23%
179~ 德昌電機控股~ 14.58B~ -~ 1.05%
467~ 聯合能源集團~ 26.54B~ 13.91x~ -
508~ 鼎億集團投資~ 375.20M~ -~ -
826~ 天工國際~ 6.87B~ 15.65x~ 2.22%
8041~ 薈萃國際（控股)~ 378.59M~ -~ -
8441~ 國際永勝集團~ 384.00M~ 7.02x~ 4.17%
6919~ 人瑞人才~ 3.61B~ -~ -
43~ 卜蜂國際~ 16.36B~ 6.36x~ 9.12%
9939~ 開拓藥業－Ｂ~ 2.71B~ -~ -
732~ 信利國際~ 2.92B~ 5.20x~ -
2362~ 金川國際~ 7.94B~ 114.55x~ 0.16%
2337~ 眾誠能源~ 2.36B~ 37.87x~ 1.35%
9900~ 德益控股~ 546.84M~ 22.31x~ -
821~ 匯盈控股~ 531.91M~ -~ -
8103~ ＨＭＶＯＤ視頻~ 129.73M~ -~ -
1839~ 中集車輛~ 4.13B~ 8.89x~ 6.72%
1381~ 粵豐環保~ 8.00B~ 8.97x~ 2.38%
1286~ 鷹普精密~ 4.29B~ 7.17x~ 2.46%
950~ 李氏大藥廠~ 2.52B~ 20.26x~ 1.51%
1662~ 義合控股~ 1.53B~ 62.20x~ -
53504~ 吉利瑞通E9月RC21~ -~ -~ -
525~ 廣深鐵路股份~ 1.90B~ 11.52x~ 4.94%
2138~ 香港醫思醫療集團~ 4.62B~ 15.30x~ 5.17%
1681~ 康臣葯業~ 2.46B~ 28.70x~ 6.10%
863~ ＢＣ科技集團~ 3.89B~ -~ -
1665~ 檳傑科達~ 3.07B~ 12.67x~ 0.78%
526~ 中國汽車新零售~ 756.13M~ -~ -
6830~ 華眾車載~ 1.06B~ 11.52x~ 0.87%
438~ 彩虹新能源~ 1.96B~ 22.47x~ -
69~ 香格里拉（亞洲）~ 22.44B~ 18.79x~ -
8607~ 納尼亞集團~ 189.60M~ 5.35x~ 8.44%
2958~ 嘉年華國際~ 78.66M~ -~ -
1373~ 國際家居零售~ 1.51B~ 9.94x~ 7.86%
1931~ 華檢醫療~ 2.91B~ 8.28x~ 3.20%
1593~ 辰林教育~ 2.00B~ 15.84x~ 1.04%
1330~ 綠色動力環保~ 1.39B~ 8.79x~ 3.18%
362~ 信陽毛尖~ 527.13M~ -~ -
59235~ 恆指瑞通L3月RC23~ -~ -~ -
1777~ 花樣年控股~ 8.65B~ 9.06x~ 3.67%
1809~ 浦林成山~ 5.12B~ 9.69x~ 2.48%
3877~ 中國船舶租賃~ 6.81B~ 6.83x~ 7.21%
6819~ 中智全球~ 3.08B~ 247.25x~ -
8360~ 利駿集團香港~ 70.41M~ -~ -
8227~ 海天天綫~ 1.43B~ -~ -
1341~ 昊天國際建投~ 1.93B~ 21.99x~ -
182~ 協合新能源~ 3.43B~ 5.20x~ 6.10%
1599~ 城建設計~ 748.71M~ 3.60x~ 7.61%
6836~ 天韻國際控股~ 938.36M~ 5.11x~ 3.13%
592~ BOSSINI INT'L~ 813.69M~ -~ -
1501~ 康德萊醫械~ 1.97B~ 49.62x~ 0.45%
3300~ 中國玻璃~ 769.31M~ 7.99x~ 4.71%
6100~ 同道獵聘~ 10.08B~ 75.11x~ -
6928~ TOMO HOLDINGS~ 378.00M~ 31.46x~ -
1962~ 訓修實業~ 1.04B~ 10.46x~ 1.32%
8137~ 洪橋集團~ 3.30B~ 7.85x~ -
1885~ 中國優材~ 1.47B~ 18.75x~ -
1895~ 鑫苑服務~ 1.29B~ 9.85x~ 2.21%
1086~ 好孩子國際~ 1.60B~ 7.92x~ -
978~ 招商局置地~ 5.44B~ 2.77x~ 12.61%
506~ 中國食品~ 7.55B~ 16.52x~ 1.78%
797~ 第七大道~ 7.12B~ 566.67x~ -
116~ 周生生~ 5.75B~ 8.95x~ 3.53%
1163~ 虎視傳媒~ 821.70M~ -~ -
931~ 中國天然氣~ 3.44B~ -~ -
2008~ 鳳凰衛視~ 1.52B~ 12.40x~ -
376~ 雲鋒金融~ 14.27B~ 46.30x~ -
8216~ 豐城控股~ 160.00M~ 17.78x~ -
1596~ 翼辰實業~ 888.86M~ 17.30x~ 1.65%
1212~ 利福國際~ 9.25B~ 4.89x~ -
1922~ 銀城生活服務~ 1.65B~ 35.99x~ 0.68%
1569~ 民生教育~ 4.51B~ 11.47x~ 2.65%
315~ 數碼通電訊~ 4.68B~ 12.40x~ 7.04%
1612~ 永勝醫療~ 1.18B~ 101.10x~ 0.60%
1848~ 中國飛機租賃~ 4.65B~ 4.88x~ 10.53%
3321~ 偉鴻集團控股~ 2.54B~ 63.66x~ -
596~ 浪潮國際~ 2.15B~ 10.60x~ -
8026~ 朗華國際集團~ 871.47M~ -~ -
1166~ 星凱控股~ 161.46M~ -~ -
351~ 亞洲能源物流~ 635.61M~ -~ -
1798~ 大唐新能源~ 2.85B~ 9.25x~ 2.89%
2768~ 佳源國際控股~ 13.26B~ 5.61x~ 3.36%
86~ 新鴻基公司~ 6.00B~ 2.90x~ 8.58%
215~ 和記電訊香港~ 5.63B~ 13.15x~ 5.15%
588~ 北京北辰實業股份~ 1.13B~ 2.76x~ 10.27%
451~ 協鑫新能源~ 2.11B~ 6.61x~ -
1361~ ３６１度~ 1.90B~ 3.96x~ 1.63%
28458~ 紫金瑞通A9月CW21~ -~ -~ -
580~ 賽晶電力電子~ 2.44B~ 11.24x~ 5.33%
517~ 中遠海運國際~ 3.57B~ 10.80x~ 6.87%
9958~ 力天影業~ 453.00M~ -~ -
1065~ 天津創業環保股份~ 1.03B~ 7.85x~ 3.84%
1528~ 紅星美凱龍~ 3.41B~ 3.68x~ 5.46%
2011~ 中國恒泰集團~ 1.16B~ -~ -
2448~ 恆宇集團~ 1.29B~ 21.49x~ -
34~ 九龍建業~ 8.84B~ 3.61x~ 10.37%
719~ 山東新華製藥股份~ 737.10M~ 7.12x~ 3.48%
932~ 順騰國際控股~ 405.25M~ -~ -
1660~ 兆邦基地產~ 6.93B~ 186.67x~ -
1967~ 信懇智能~ 2.00B~ 52.83x~ -
488~ 麗新發展~ 3.99B~ -~ -
2877~ 神威藥業~ 4.11B~ 7.06x~ 7.10%
3813~ 寶勝國際~ 9.74B~ 10.50x~ -
1057~ 浙江世寶~ 203.77M~ -~ -
1571~ 信邦控股~ 2.70B~ 12.10x~ 5.11%
251~ 爪哇控股~ 5.08B~ 29.38x~ 0.65%
1979~ 天寶集團~ 1.24B~ 7.02x~ 4.68%
1006~ 長壽花食品~ 2.32B~ 6.65x~ -
342~ 新海能源~ 1.01B~ 1.58x~ -
471~ 中播控股~ 72.26M~ -~ -
563~ 上實城市開發~ 3.41B~ 5.69x~ 5.77%
64~ 結好控股~ 1.62B~ 13.77x~ 6.85%
3336~ 巨騰國際~ 2.77B~ 15.01x~ 4.20%
1033~ 中石化油服~ 2.68B~ 8.70x~ -
207~ 大悅城地產~ 6.83B~ 4.12x~ 8.33%
2218~ 安德利果汁~ 861.86M~ 15.14x~ -
8487~ ISP GLOBAL~ 976.00M~ 530.43x~ -
2369~ 酷派集團~ 1.07B~ 8.02x~ -
1168~ 百仕達控股~ 1.69B~ -~ -
612~ 中國鼎益豐~ 2.62B~ -~ -
1829~ 中國機械工程~ 1.35B~ 2.58x~ 11.67%
1763~ 中國同輻~ 1.98B~ 22.08x~ 0.61%
107~ 四川成渝高速公路~ 1.54B~ 4.46x~ 6.92%
1683~ 曠逸國際~ 650.00M~ 79.27x~ -
6855~ 亞盛醫藥－Ｂ~ 6.16B~ -~ -
8485~ 竣球控股~ 247.00M~ 10.69x~ 1.62%
51431~ 恆指瑞通C3月RC23~ -~ -~ -
389~ 通天酒業~ 177.14M~ -~ -
1084~ 綠新親水膠體~ 873.53M~ 7.35x~ 7.01%
8373~ 靛藍星~ 128.00M~ 152.38x~ -
3390~ 滿貫集團~ 1.11B~ -~ -
6858~ 本間高爾夫~ 2.06B~ -~ 24.38%
2377~ 博奇環保~ 1.97B~ 9.89x~ 1.61%
1196~ 偉祿集團~ 6.24B~ -~ -
1269~ 首控集團~ 542.90M~ -~ -
3378~ 廈門港務~ 621.62M~ 5.60x~ 4.35%
78~ REGAL INT'L~ 2.80B~ 8.21x~ 1.92%
546~ 阜豐集團~ 6.18B~ 4.99x~ 5.66%
331~ 豐盛服務集團~ 1.53B~ 5.01x~ 7.98%
52~ FAIRWOOD HOLD~ 2.24B~ 36.91x~ 4.21%
1970~ IMAX CHINA~ 4.37B~ 13.23x~ 2.47%
196~ 宏華集團~ 1.02B~ 8.60x~ -
2880~ 大連港~ 3.55B~ 11.37x~ 3.33%
8429~ 冰雪集團~ 141.60M~ -~ -
8646~ 中國宏光~ 126.00M~ 3.25x~ -
8657~ TRUE PARTNER~ 372.00M~ -~ -
28~ 天安~ 6.64B~ 4.96x~ 4.51%
439~ 光啟科學~ 2.15B~ -~ -
1146~ 中國服飾控股~ 465.13M~ 21.09x~ -
750~ 水發興業能源~ 1.43B~ -~ -
3978~ 卓越教育集團~ 2.43B~ 15.13x~ 2.54%
57623~ 恆指瑞通O3月RC23~ -~ -~ -
8347~ Ｆ８企業~ 232.67M~ 45.69x~ -
8411~ K W NELSON GP~ 204.00M~ 7.50x~ 1.23%
1293~ 廣匯寶信~ 2.63B~ 3.84x~ -
1133~ 哈爾濱電氣~ 1.49B~ 32.55x~ -
1349~ 復旦張江~ 1.23B~ 13.24x~ 2.15%
2356~ 大新銀行集團~ 9.54B~ 4.26x~ 6.33%
329~ 東建國際~ 2.50B~ -~ -
1068~ 雨潤食品~ 1.33B~ -~ -
2231~ 景業名邦集團~ 5.05B~ 6.91x~ 4.54%
2303~ 恒興黃金~ 2.91B~ 12.44x~ 14.56%
381~ 僑雄國際~ 152.85M~ -~ -
8037~ 中國生物科技服務~ 1.36B~ -~ -
335~ 美建集團~ 2.25B~ 47.19x~ 1.19%
2322~ 香港潮商集團~ 3.70B~ -~ -
1262~ 蠟筆小新食品~ 405.33M~ -~ -
1911~ 華興資本控股~ 8.34B~ 28.79x~ 1.05%
897~ 位元堂~ 338.70M~ 3.53x~ -
53479~ 中芯瑞通A7月RC21~ -~ -~ -
1449~ 立德教育~ 613.33M~ -~ -
895~ 東江環保~ 1.08B~ 10.32x~ 3.01%
330~ 思捷環球~ 1.60B~ -~ -
1145~ 勇利投資~ 94.40M~ 74.78x~ -
3848~ 富道集團~ 1.16B~ 28.80x~ 0.66%
2016~ 浙商銀行~ 16.84B~ 5.28x~ 7.10%
1653~ MOS HOUSE~ 192.00M~ -~ -
41~ 鷹君~ 13.49B~ -~ 15.10%
3308~ 金鷹商貿集團~ 11.77B~ 9.15x~ 5.45%
9913~ 智勤控股~ 425.00M~ -~ -
1158~ 開元酒店~ 1.05B~ 18.08x~ 2.89%
1176~ 珠光控股~ 8.84B~ 12.65x~ -
1672~ 歌禮製藥－Ｂ~ 3.16B~ -~ -
222~ 閩信集團~ 2.15B~ 3.76x~ 2.78%
1872~ 冠轈控股~ 108.90M~ 6.37x~ -
6820~ 友誼時光~ 4.71B~ 9.28x~ 4.63%
62~ 載通~ 6.25B~ 9.93x~ 5.12%
373~ 聯合集團~ 9.84B~ 3.89x~ 4.46%
1902~ 銀城國際控股~ 3.40B~ 19.00x~ 0.99%
1300~ 俊知集團~ 1.30B~ 3.33x~ -
2118~ 天山發展控股~ 2.79B~ -~ -
8370~ 智昇集團控股~ 156.96M~ -~ -
2360~ 優品３６０~ 1.92B~ 158.68x~ 0.78%
1837~ 五谷磨房~ 1.46B~ 10.69x~ -
1598~ ２１世紀教育~ 723.67M~ 8.38x~ 3.58%
211~ STYLAND-NEW~ 169.46M~ -~ -
194~ 廖創興企業~ 2.36B~ 5.50x~ 8.48%
973~ L'OCCITANE~ 21.56B~ 21.09x~ 1.37%
6811~ 太興集團~ 1.38B~ 15.95x~ 2.25%
603~ 中油燃氣~ 1.75B~ 4.59x~ -
2680~ 創陞控股~ 188.00M~ 117.50x~ -
757~ 陽光能源~ 556.44M~ -~ -
809~ 大成生化科技~ 1.60B~ -~ -
709~ 佐丹奴國際~ 1.92B~ 8.37x~ 6.15%
822~ 嘉瑞國際~ 437.94M~ 4.94x~ 6.12%
1455~ 科利實業控股~ 262.50M~ -~ -
35~ 遠東發展~ 5.31B~ 14.57x~ 8.41%
8032~ 非凡中國~ 4.69B~ 7.15x~ 5.00%
2212~ 高鵬礦業~ 135.45M~ -~ -
538~ 味千（中國）~ 1.00B~ 5.88x~ 8.15%
764~ 永恒策略~ 649.33M~ -~ -
8069~ 縱橫遊控股~ 100.00M~ -~ -
235~ 中策集團~ 1.18B~ -~ -
1010~ 太睿國際控股~ 273.98M~ -~ -
689~ 長盈集團（控股）~ 230.57M~ -~ -
1525~ 建橋教育~ 2.40B~ 12.70x~ 1.72%
2002~ 陽光紙業~ 1.11B~ 2.90x~ -
985~ 中譽集團~ 928.75M~ -~ -
419~ 華誼騰訊娛樂~ 1.94B~ -~ -
1366~ 江南集團~ 2.56B~ 4.43x~ 1.19%
150~ HYPEBEAST~ 1.50B~ 22.70x~ 0.32%
1122~ 慶鈴汽車股份~ 1.74B~ 9.28x~ 12.35%
2283~ 東江集團控股~ 1.97B~ 6.54x~ 4.64%
321~ 德永佳集團~ 1.65B~ 9.80x~ 8.33%
1401~ SPROCOMM INTEL~ 580.00M~ 10.62x~ -
8081~ 恆泰裕集團~ 394.88M~ -~ -
2868~ 首創置業~ 2.05B~ 2.85x~ 13.89%
8208~ WMCH GLOBAL~ 876.00M~ -~ -
3337~ 安東油田服務~ 992.16M~ 3.38x~ -
1205~ 中信資源~ 2.20B~ 3.66x~ -
2738~ 華津國際控股~ 1.54B~ 77.25x~ -
1061~ 億勝生物科技~ 2.51B~ 8.34x~ 1.15%
1762~ 萬咖壹聯~ 752.41M~ 5.95x~ -
3681~ 中國抗體—Ｂ~ 2.97B~ -~ -
3601~ 魯大師~ 790.86M~ 5.53x~ 3.40%
687~ 泰昇集團~ 1.22B~ -~ 65.75%
8418~ 傲迪瑪汽車~ 994.50M~ -~ -
29586~ 平安瑞通A3月CW21~ -~ -~ -
882~ 天津發展~ 1.45B~ 3.16x~ 5.72%
50714~ 恆指瑞通Z3月RC23~ -~ -~ -
9908~ 嘉興燃氣~ 381.47M~ -~ -
64288~ 恆指瑞通Q3月RC23~ -~ -~ -
2119~ 捷榮國際控股~ 782.58M~ 10.82x~ 4.59%
9916~ 興業物聯~ 508.00M~ 9.92x~ 1.83%
1045~ 亞太衛星~ 1.75B~ 4.85x~ 9.79%
53084~ 恆指瑞通F3月RC23~ -~ -~ -
8627~ 旅橙文化~ 128.80M~ 10.39x~ -
1420~ 川控股~ 94.31M~ 16.85x~ -
2678~ 天虹紡織~ 5.51B~ 5.64x~ 2.49%
1360~ 諾發集團~ 210.46M~ 1.25x~ -
60174~ 騰訊瑞通D7月RC21~ -~ -~ -
1696~ 復銳醫療科技~ 972.74M~ 6.00x~ 5.00%
1849~ 秀商時代控股~ 520.00M~ 36.93x~ -
1601~ 中關村科技租賃~ 273.33M~ 5.43x~ 5.00%
8156~ 國藥科技股份~ 613.43M~ -~ -
1989~ 松齡護老集團~ 1.25B~ 92.67x~ 1.05%
1051~ 國際資源~ 973.75M~ 2.88x~ -
496~ 卡森國際~ 1.09B~ 2.24x~ -
558~ 力勁科技~ 810.06M~ 242.86x~ -
3603~ 信基沙溪~ 3.37B~ 24.62x~ 0.62%
1141~ 民銀資本~ 6.00B~ 16.80x~ 2.62%
8612~ 維亮控股~ 51.84M~ 17.56x~ -
3938~ ＬＦＧ投資控股~ 133.96M~ 8.57x~ 22.42%
480~ 香港興業國際~ 4.60B~ 2.83x~ 3.87%
710~ 京東方精電~ 2.05B~ 82.35x~ 9.29%
218~ 申萬宏源香港~ 1.32B~ 9.07x~ 3.53%
445~ 中集天達~ 4.00B~ 15.06x~ 1.74%
31~ 航天控股~ 1.20B~ 3.56x~ 5.13%
1786~ 鐵建裝備~ 393.60M~ 8.36x~ 5.91%
2779~ 中國新華教育~ 3.86B~ 12.99x~ 2.30%
621~ 壇金礦業~ 490.08M~ -~ -
2211~ 大健康國際~ 166.11M~ -~ -
1778~ 彩生活~ 5.52B~ 9.54x~ 2.64%
1912~ 康特隆~ 180.00M~ 8.01x~ -
707~ 亞洲電視控股~ 216.79M~ -~ -
127~ 華人置業~ 7.21B~ 9.13x~ 0.53%
1916~ 江西銀行~ 4.57B~ 9.11x~ 1.60%
1502~ 金融街物業~ 762.79M~ -~ -
1250~ 北控清潔能源集團~ 2.54B~ 4.17x~ -
1111~ 創興銀行~ 9.09B~ 5.19x~ 5.56%
752~ PICO FAR EAST~ 1.41B~ 5.49x~ 7.89%
8476~ 大洋環球控股~ 204.40M~ 10.93x~ 3.01%
8519~ 佳民集團~ 95.96M~ -~ -
8513~ 官醞控股~ 561.20M~ -~ -
82~ 第一視頻~ 956.31M~ -~ -
1635~ 大眾公用~ 1.17B~ 11.29x~ 2.98%
2698~ 魏橋紡織~ 699.01M~ 8.35x~ 4.19%
1741~ 日贏控股~ 752.00M~ -~ -
3996~ 中國能源建設~ 7.31B~ 4.26x~ 4.24%
8329~ 海王英特龍~ 164.01M~ 9.85x~ -
8297~ 芭迪貝伊~ 177.60M~ -~ -
85~ 中電華大科技~ 1.40B~ 9.03x~ 3.33%
365~ 芯成科技~ 1.89B~ -~ -
1953~ RIMBACO~ 262.08M~ -~ -
316~ 東方海外國際~ 20.77B~ 1.97x~ 7.42%
188~ 新華匯富金融~ 292.23M~ -~ 7.32%
3989~ 首創環境~ 1.74B~ 5.24x~ -
50~ 香港小輪（集團）~ 2.13B~ 15.67x~ 6.33%
369~ 永泰地產~ 4.78B~ 19.99x~ 7.65%
2180~ 萬寶盛華~ 2.87B~ 20.44x~ 1.95%
6163~ 彭順國際~ 236.28M~ 8.20x~ -
6860~ 指尖悅動~ 936.72M~ 21.75x~ -
539~ 冠華國際控股~ 219.08M~ 0.43x~ -
8456~ 民信國際控股~ 46.07M~ -~ -
1586~ 中國力鴻~ 404.00M~ 9.03x~ 4.06%
1520~ 華信金融投資~ 211.25M~ -~ -
789~ 雅天妮集團~ 230.72M~ 20.90x~ -
818~ 高陽科技~ 2.38B~ 4.20x~ -
433~ 北方礦業~ 327.18M~ -~ -
1857~ 中國光大水務~ 3.46B~ 4.02x~ 6.18%
258~ 湯臣集團~ 3.11B~ 18.39x~ 6.96%
620~ 大唐西市~ 2.50B~ 216.76x~ -
6812~ 永順控股香港~ 237.00M~ 11.45x~ -
1523~ 珩灣科技~ 940.95M~ 9.64x~ 12.10%
9986~ 大山教育~ 672.00M~ -~ -
2722~ 重慶機電~ 467.57M~ 7.76x~ 2.56%
237~ 安全貨倉~ 1.47B~ -~ 1.55%
3939~ 萬國國際礦業~ 1.18B~ 19.48x~ -
1164~ 中廣核礦業~ 1.84B~ 11.57x~ 3.57%
8223~ 紫元元~ 428.00M~ 23.21x~ 2.80%
1713~ 四川能投發展~ 317.18M~ 6.58x~ 9.32%
3399~ 粵運交通~ 320.85M~ 3.69x~ -
2371~ 創聯教育金融~ 196.75M~ -~ -
450~ 鴻興印刷集團~ 889.70M~ 11.60x~ 10.20%
8547~ PACIFIC LEGEND~ 67.00M~ -~ -
530~ 高銀金融~ 3.91B~ -~ -
1689~ 華禧控股~ 1.63B~ 14.90x~ 4.00%
1326~ 傳遞娛樂~ 358.19M~ -~ -
1343~ 偉源控股~ 153.21M~ -~ -
613~ 梧桐國際~ 948.92M~ 42.08x~ -
1281~ 隆基泰和智慧能源~ 282.07M~ -~ -
484~ 雲遊控股~ 401.63M~ -~ -
1348~ 滉達富控股~ 486.49M~ -~ -
2136~ 利福中國~ 1.50B~ -~ -
1799~ 新特能源~ 2.25B~ 19.16x~ 0.91%
1820~ 濟豐包裝~ 1.52B~ 18.26x~ 7.40%
229~ 利民實業~ 464.82M~ 11.91x~ 6.38%
1053~ 重慶鋼鐵股份~ 387.45M~ 6.59x~ -
1270~ 朗廷—ＳＳ~ 3.09B~ -~ 3.53%
8259~ HON CORP~ 352.51M~ -~ -
1703~ 首灃控股~ 517.50M~ -~ -
60105~ 恆指瑞通U3月RC23~ -~ -~ -
767~ 亞太絲路投資~ 739.18M~ -~ -
1029~ 鐵貨~ 574.56M~ -~ -
2955~ 中國富強金融－舊~ 558.33M~ -~ -
1148~ 新晨動力~ 371.84M~ 50.00x~ -
2262~ 梁志天設計集團~ 991.83M~ 25.66x~ 1.49%
630~ 雋泰控股~ 483.77M~ -~ -
1050~ 嘉利國際~ 2.11B~ 8.44x~ 8.49%
1950~ 深藍科技控股~ 270.00M~ 7.67x~ -
1227~ 國盛投資~ 48.47M~ -~ -
6839~ 雲南水務~ 341.89M~ 2.57x~ 17.02%
626~ 大眾金融控股~ 1.97B~ 4.24x~ 10.00%
6136~ 康達環保~ 1.41B~ 3.25x~ -
195~ 綠科科技國際~ 614.70M~ -~ -
9677~ 威海銀行~ 2.93B~ -~ -
726~ 築友智造科技－新~ 2.52B~ 22.73x~ -
1760~ 英恒科技~ 2.99B~ 23.14x~ 1.31%
1147~ 伊登軟件~ 202.00M~ -~ -
610~ WAI KEE HOLD~ 2.95B~ 2.34x~ 8.58%
1110~ 金活醫藥集團~ 491.77M~ 10.33x~ 2.96%
3315~ 金邦達寶嘉~ 1.19B~ 6.10x~ 13.29%
53436~ 美團瑞通H7月RC21~ -~ -~ -
1729~ 匯聚科技~ 653.20M~ 5.10x~ 7.04%
2368~ 鷹美~ 1.99B~ 8.93x~ 7.73%
771~ 自動系統~ 1.02B~ 10.65x~ 8.37%
444~ SINCEREWATCH HK~ 453.29M~ -~ -
1499~ 歐科雲鏈~ 715.15M~ -~ -
635~ 彩星集團~ 1.82B~ 4.30x~ 5.17%
678~ 雲頂香港~ 2.11B~ -~ -
8140~ 人和科技~ 107.20M~ 14.89x~ -
2339~ 京西國際~ 367.57M~ 75.29x~ -
3688~ 萊蒙國際~ 1.70B~ -~ 1.65%
133~ 招商局中國基金~ 1.31B~ 1.66x~ 6.32%
8292~ 盛良物流~ 32.64M~ -~ -
1735~ 中環控股~ 3.29B~ -~ -
524~ 長城一帶一路~ 242.61M~ -~ -
1008~ 貴聯控股~ 572.27M~ 3.25x~ 52.41%
1372~ 比速科技~ 396.00M~ -~ -
1243~ 宏安地產~ 1.42B~ 3.12x~ 7.66%
2139~ 甘肅銀行~ 2.64B~ 18.81x~ -
57633~ 騰訊瑞通L6月RC21~ -~ -~ -
1046~ 寰宇娛樂文化~ 634.64M~ -~ -
3382~ 天津港發展~ 3.14B~ 8.08x~ 4.94%
8510~ TOPSTANDARDCORP~ 93.12M~ -~ -
733~ 合富輝煌~ 1.01B~ 2.08x~ 7.00%
3608~ 永盛新材料~ 1.61B~ 12.38x~ 2.04%
1031~ 金利豐金融~ 9.12B~ 23.10x~ 1.49%
1301~ 德基科技控股~ 771.22M~ -~ -
2383~ ＴＯＭ集團~ 4.23B~ -~ -
899~ 亞洲資源~ 365.36M~ -~ -
281~ 川河集團~ 991.24M~ 8.88x~ 10.53%
1184~ S.A.S. DRAGON~ 1.59B~ 6.75x~ 8.43%
681~ 中民控股~ 473.53M~ 2.38x~ -
721~ 中國金融國際~ 1.44B~ -~ -
1723~ 港亞控股~ 1.20B~ 45.18x~ 3.33%
1216~ 中原銀行~ 4.13B~ 7.65x~ 4.51%
8221~ PF GROUP~ 162.00M~ -~ 49.38%
8401~ 源想集團~ 272.00M~ -~ -
1838~ CHINAPROPERTIES~ 832.17M~ -~ -
887~ 英皇鐘錶珠寶~ 610.15M~ 6.77x~ -
1526~ 瑞慈醫療~ 1.35B~ -~ -
3369~ 秦港股份~ 1.04B~ 6.90x~ 7.78%
1563~ 友聯租賃~ 990.00M~ -~ -
8279~ 亞博科技控股~ 3.32B~ -~ -
8095~ 北大青鳥環宇~ 312.21M~ 0.41x~ -
1939~ 東京中央拍賣~ 225.00M~ 26.63x~ 2.22%
1442~ INFINITY L&T~ 790.00M~ 16.88x~ 1.39%
40~ 金山工業~ 486.50M~ 23.31x~ 3.23%
8225~ 中國醫療集團~ 328.46M~ 10.54x~ -
230~ 五礦地產~ 2.94B~ 3.12x~ 9.09%
1159~ 星光文化~ 1.42B~ 12.94x~ -
1082~ 香港教育國際~ 662.42M~ -~ -
1894~ 恒益控股~ 161.96M~ 13.19x~ 1.42%
326~ 中國星集團~ 4.02B~ -~ -
436~ 新宇環保~ 746.78M~ 18.36x~ 2.85%
408~ 葉氏化工集團~ 1.52B~ 5.62x~ 6.99%
745~ 中國國家文化產業~ 82.44M~ -~ -
55~ 中星集團控股~ 78.62M~ -~ -
378~ 五龍動力~ 391.69M~ -~ -
1957~ MBV INTL~ 197.82M~ -~ -
1667~ 進階發展~ 264.00M~ -~ -
8283~ 正力控股~ 298.00M~ -~ -
8313~ 杰地集團~ 550.00M~ 21.48x~ -
6896~ 金嗓子~ 1.11B~ 6.10x~ 7.95%
228~ 中能控股~ 1.18B~ -~ -
8512~ 凱富善集團控股~ 117.70M~ 4.78x~ -
677~ 金源米業~ 984.49M~ -~ 3.97%
26~ 中華汽車~ 4.66B~ 41.86x~ 26.70%
858~ 精優藥業~ 274.85M~ 3.30x~ -
1105~ 星島~ 898.15M~ -~ -
1263~ 栢能集團~ 640.00M~ 62.32x~ -
1416~ CTR HOLDINGS~ 434.00M~ 8.31x~ -
1661~ 智美體育~ 160.88M~ -~ -
1750~ 全達電器集團控股~ 86.40M~ 7.50x~ -
1676~ 中國升海集團~ 86.00M~ 2.55x~ -
209~ 瀛晟科學~ 219.71M~ -~ -
1290~ 中國匯融~ 484.05M~ 8.79x~ 2.92%
166~ 新時代能源~ 411.66M~ -~ -
1271~ 佳明集團控股~ 6.60B~ 194.56x~ 6.24%
1978~ 敘福樓集團~ 372.00M~ -~ 21.42%
2066~ 盛京銀行~ 16.03B~ 6.98x~ -
128~ 安寧控股~ 1.05B~ 22.86x~ -
1941~ 燁星集團~ 429.62M~ 10.24x~ -
3768~ 滇池水務~ 639.24M~ 4.79x~ 10.49%
8367~ 倩碧控股~ 63.20M~ -~ -
738~ 萊爾斯丹~ 472.94M~ -~ 7.46%
1402~ 超智能控股~ 450.00M~ 173.08x~ 2.00%
6889~ DYNAM JAPAN~ 6.09B~ 6.68x~ 8.07%
8267~ 藍港互動~ 188.05M~ -~ -
900~ AEON CREDIT~ 2.08B~ 5.62x~ 8.85%
1518~ 新世紀醫療~ 563.52M~ -~ -
6093~ 和泓服務~ 964.80M~ 46.10x~ -
3358~ 榮威國際~ 1.94B~ 5.59x~ 3.53%
947~ 摩比發展~ 507.68M~ 19.75x~ 3.23%
1938~ 珠江鋼管~ 475.23M~ -~ -
807~ 上海實業環境~ 2.75B~ 4.14x~ 5.25%
8228~ 國藝娛樂~ 859.25M~ -~ -
8455~ 禮建德集團~ 76.80M~ -~ -
1767~ TS WONDERS~ 290.00M~ 18.35x~ -
1592~ 基石控股~ 274.17M~ 131.76x~ -
6933~ 新娛科控股~ 844.00M~ -~ -
8316~ 柏榮集團控股~ 212.00M~ -~ -
105~ 凱聯國際酒店~ 4.79B~ -~ 6.08%
518~ 同得仕（集團）~ 252.59M~ -~ -
30~ 萬隆控股集團~ 1.96B~ 39.61x~ -
2102~ 德利機械~ 225.00M~ 4.39x~ 11.11%
838~ 億和控股~ 849.70M~ 16.50x~ 5.90%
232~ 中國航空工業國際~ 986.15M~ -~ -
1906~ 博尼控股~ 576.00M~ -~ -
1387~ 中國地利~ 14.64B~ 16.07x~ -
476~ 中國動力控股~ 486.30M~ -~ -
1640~ 瑞誠中國傳媒~ 99.60M~ 1.97x~ -
686~ 北京能源國際~ 4.64B~ -~ -
1132~ 橙天嘉禾~ 414.35M~ -~ -
1986~ 彩客化學~ 1.29B~ 2.28x~ 12.40%
1538~ 中奧到家~ 675.09M~ 5.44x~ 3.48%
47~ 合興集團~ 503.52M~ 4.27x~ 5.00%
554~ 漢思能源~ 1.58B~ 1.35x~ -
312~ 歲寶百貨~ 1.19B~ 8.00x~ 3.88%
6829~ 龍昇集團控股~ 118.80M~ -~ -
812~ 西證國際證券~ 267.31M~ -~ -
2660~ 禪遊科技~ 1.17B~ 6.22x~ 2.61%
987~ 中國再生能源投資~ 378.42M~ 6.59x~ 5.30%
80~ 中國新經濟投資~ 96.62M~ -~ -
8023~ 鄺文記~ 234.00M~ 37.50x~ -
8509~ 威揚酒業控股~ 120.00M~ 10.03x~ -
1756~ 華立大學集團~ 3.45B~ -~ 1.94%
224~ 建生國際~ 1.15B~ 30.03x~ 1.50%
495~ PALADIN~ 168.39M~ -~ -
6118~ 奧星生命科技~ 1.79B~ 202.31x~ -
29249~ 小米瑞通C2月CW21~ -~ -~ -
1901~ 飛揚集團~ 335.00M~ 16.46x~ -
8310~ 大豐港~ 296.24M~ -~ -
1224~ 中渝置地~ 7.06B~ 17.07x~ 1.10%
989~ 廣澤國際發展~ 1.48B~ -~ -
6918~ 奇士達~ 562.55M~ 12.04x~ -
1977~ 安樂工程~ 1.58B~ 5.66x~ 7.87%
88~ TAI CHEUNG HOLD~ 2.79B~ 22.44x~ 5.30%
1188~ 正道集團~ 427.41M~ -~ -
1588~ 暢捷通~ 719.40M~ 27.59x~ 3.33%
2023~ 中國綠島科技~ 491.80M~ 18.90x~ -
536~ 貿易通~ 723.11M~ 8.80x~ 9.29%
1692~ 登輝控股~ 269.25M~ 3.93x~ 26.00%
8480~ 飛霓控股~ 291.20M~ -~ -
8659~ 易和國際控股~ 104.40M~ -~ -
711~ 亞洲聯合基建控股~ 1.10B~ 10.89x~ 2.67%
50734~ 阿里瑞通P6月RC21~ -~ -~ -
1740~ 新石文化~ 126.57M~ 3.36x~ -
57~ 震雄集團~ 1.27B~ 13.60x~ 4.46%
1126~ 德林國際~ 1.92B~ 4.03x~ 4.23%
2389~ 北控醫療健康~ 747.71M~ -~ -
9906~ 宏力醫療管理~ 1.12B~ -~ -
713~ 世界（集團）~ 256.04M~ -~ -
1492~ 中地乳業~ 2.86B~ 20.91x~ -
1771~ 新豐泰集團~ 606.00M~ 4.60x~ 3.96%
1461~ 魯証期貨~ 174.56M~ 19.44x~ -
997~ 普匯中金國際~ 135.92M~ -~ -
420~ 福田實業~ 1.11B~ 7.86x~ 11.47%
2078~ 榮陽實業~ 354.00M~ -~ -
8109~ 麒麟集團控股~ 63.77M~ -~ -
1561~ 聯洋智能控股~ 1.32B~ -~ -
922~ 安賢園中國~ 344.31M~ 2.26x~ -
113~ 迪生創建~ 1.28B~ 2.00x~ 16.92%
8118~ 濠亮環球~ 225.00M~ 12.16x~ -
830~ 中國建築興業~ 1.22B~ 7.00x~ -
2232~ 晶苑國際~ 5.90B~ 4.98x~ 5.56%
1835~ 瑞威資管~ 181.73M~ 70.43x~ -
982~ 華金國際資本~ 1.98B~ 492.50x~ -
431~ 大中華金融~ 1.55B~ -~ -
527~ 瑞風新能源~ 524.47M~ -~ -
2789~ 遠大中國~ 341.48M~ 3.48x~ -
1650~ HYGIEIA GROUP~ 166.00M~ -~ -
2288~ 宏基資本~ 281.69M~ -~ -
276~ 蒙古能源~ 167.43M~ 0.12x~ -
1955~ 莊臣控股~ 315.00M~ 9.57x~ -
1161~ 奧思集團~ 578.46M~ 5.37x~ 15.29%
53~ 國浩集團~ 32.24B~ -~ 2.55%
75~ 渝太地產~ 1.63B~ 19.56x~ 0.49%
1623~ 海隆控股~ 257.85M~ 1.34x~ -
2358~ 久融控股~ 574.56M~ 21.88x~ -
8328~ 信義香港~ 1.30B~ 52.07x~ -
1498~ 培力控股~ 304.06M~ -~ -
73~ 亞洲果業~ 283.66M~ 10.13x~ -
970~ 耀萊集團~ 1.24B~ 39.35x~ -
8309~ 萬成環球控股~ 31.80M~ 2.26x~ -
227~ 第一上海~ 432.78M~ 40.67x~ -
1743~ 蒼南儀錶~ 308.97M~ 8.03x~ 3.80%
2000~ 晨訊科技~ 946.03M~ -~ -
1417~ 浦江中國~ 886.95M~ 44.79x~ 0.46%
1936~ RITAMIX~ 225.00M~ -~ -
2188~ 泰坦能源技術~ 388.52M~ -~ -
1572~ 中國藝術金融~ 189.61M~ 1.58x~ -
1156~ CHINANEWENERGY~ 188.72M~ -~ -
1073~ 大禹金融~ 421.55M~ 0.22x~ -
1975~ 新興印刷~ 259.20M~ 5.78x~ 8.33%
589~ 建中建設~ 750.00M~ 2.88x~ -
3329~ 交銀國際~ 2.89B~ 5.79x~ 8.49%
572~ 未來世界控股~ 182.44M~ -~ -
2623~ 愛德新能源~ 166.04M~ -~ -
8039~ 中國卓銀~ 163.02M~ -~ -
3330~ 靈寶黃金~ 329.97M~ -~ -
18~ 東方報業集團~ 947.17M~ -~ -
1846~ 德視佳~ 1.62B~ -~ -
691~ 山水水泥~ 8.27B~ 2.53x~ -
3322~ 永嘉集團~ 468.80M~ 7.30x~ -
3833~ 新疆新鑫礦業~ 269.44M~ 26.10x~ -
71~ 美麗華酒店~ 8.66B~ 6.73x~ 4.47%
1942~ MOG HOLDINGS~ 360.00M~ 13.69x~ 3.47%
6036~ 光麗科技~ 198.00M~ -~ -
8125~ 仁德資源~ 20.38M~ -~ -
8462~ 橋英控股~ 153.00M~ -~ -
746~ 理文化工~ 2.43B~ 3.47x~ 7.63%
2296~ 華記環球集團~ 810.00M~ 12.62x~ -
1239~ TEAMWAY INTL GP~ 276.65M~ -~ -
355~ 世紀城市國際~ 1.29B~ 10.31x~ 1.60%
8523~ 常滿控股~ 264.00M~ 9.13x~ -
1815~ 金貓銀貓~ 668.45M~ -~ -
1639~ 安捷利實業~ 1.50B~ 12.79x~ 1.02%
2346~ 星宇控股~ 111.50M~ 1.76x~ -
1210~ 克莉絲汀~ 212.13M~ -~ -
627~ 福晟國際~ 488.71M~ 3.26x~ -
296~ 英皇娛樂酒店~ 1.21B~ 4.70x~ 6.00%
3318~ 中國波頓~ 1.89B~ 11.84x~ -
633~ 中國全通~ 288.98M~ -~ -
547~ 數字王國~ 1.56B~ -~ -
76~ 誼礫控股~ 91.08M~ -~ -
3830~ 童園國際~ 165.00M~ 1.01x~ 90.91%
560~ 珠江船務~ 1.08B~ 5.08x~ 3.09%
1627~ 安保工程控股~ 800.00M~ 33.33x~ -
2633~ 雅各臣科研製藥~ 2.20B~ 10.49x~ 3.95%
1845~ 維港環保科技~ 586.66M~ 7.99x~ -
2528~ 尚晉國際控股~ 532.00M~ 10.73x~ 3.76%
263~ 高富集團控股~ 18.84M~ -~ -
8063~ 環球大通集團~ 230.19M~ -~ -
875~ 中國金控~ 392.70M~ -~ -
1651~ 津上機床中國~ 2.64B~ 15.53x~ 4.32%
11008~ 騰訊瑞通A2月CW22~ -~ -~ -
8537~ 創輝珠寶~ 65.25M~ -~ -
8086~ 新維國際控股~ 44.15M~ -~ -
1559~ 均安控股~ 343.72M~ 16.95x~ -
1100~ 飛達控股~ 381.00M~ 6.55x~ 5.32%
1469~ 結好金融~ 1.62B~ 11.63x~ 7.69%
800~ Ａ８新媒體~ 445.64M~ -~ -
1265~ 天津津燃公用~ 245.02M~ 188.46x~ -
2012~ 陽光油砂~ 220.24M~ -~ -
925~ 北京建設~ 717.84M~ -~ -
260~ 幸福控股~ 225.86M~ -~ -
163~ 英皇國際~ 4.04B~ -~ 6.36%
825~ 新世界百貨中國~ 1.92B~ -~ -
255~ 龍記集團~ 1.50B~ 10.07x~ 8.82%
497~ 資本策略地產~ 2.11B~ 1.87x~ 2.27%
156~ 力寶華潤~ 1.24B~ -~ 7.41%
872~ 啟迪國際~ 348.75M~ -~ -
2222~ 雷士國際~ 684.81M~ 0.17x~ -
628~ 國美金融科技~ 1.48B~ -~ -
3600~ 現代牙科~ 1.27B~ 8.01x~ 1.67%
1200~ 美聯集團~ 509.81M~ -~ -
1410~ 安領國際~ 522.57M~ 22.32x~ 1.92%
3992~ 創毅控股~ 535.00M~ 17.89x~ -
8423~ CHI HO DEV~ 204.00M~ 10.45x~ 2.94%
372~ 保德國際發展~ 502.55M~ -~ -
1002~ 威鋮國際~ 452.27M~ -~ -
8226~ 樹熊金融集團~ 55.66M~ 6.06x~ -
521~ CWT INT'L~ 1.17B~ -~ -
582~ 藍鼎國際~ 743.11M~ -~ -
8430~ 春能控股~ 106.24M~ -~ -
122~ 鱷魚恤~ 293.73M~ -~ -
2199~ 維珍妮~ 2.85B~ 9.84x~ 3.35%
623~ 中視金橋~ 412.13M~ 14.82x~ 2.77%
131~ 卓能（集團）~ 1.73B~ 34.87x~ 4.60%
334~ 華顯光電~ 845.64M~ 14.65x~ -
434~ 博雅互動~ 386.16M~ 9.85x~ -
2277~ 華融投資股份~ 771.80M~ -~ -
213~ NATIONAL ELEC H~ 1.00B~ 8.61x~ 3.40%
6119~ 天源集團~ 231.00M~ 14.64x~ 9.09%
1191~ 中國中石控股~ 85.00M~ -~ -
661~ 中國大冶有色金屬~ 841.09M~ 5.22x~ -
6166~ 中國宏泰發展~ 5.18B~ 5.70x~ 6.37%
60120~ 小米瑞通K7月RC21~ -~ -~ -
1866~ 中國心連心化肥~ 2.62B~ 7.59x~ 3.90%
2299~ 百宏實業~ 8.91B~ 9.50x~ -
574~ 百信國際~ 116.52M~ -~ -
2882~ 香港資源控股~ 49.49M~ -~ -
456~ 新城市建設發展~ 437.04M~ -~ -
575~ 勵晶太平洋~ 275.58M~ -~ -
679~ 亞洲聯網科技~ 528.81M~ 0.86x~ 2.42%
1400~ 滿地科技股份~ 70.06M~ -~ -
395~ 環球智能控股~ 450.87M~ -~ -
1980~ 天鴿互動~ 741.68M~ 7.13x~ -
848~ 茂業國際~ 1.61B~ 7.95x~ 6.29%
1733~ 易大宗~ 650.77M~ 2.10x~ -
1396~ 粵港灣控股~ 1.90B~ -~ -
187~ 京城機電股份~ 139.00M~ -~ -
617~ 百利保控股~ 2.20B~ 10.80x~ 1.52%
212~ NANYANG HOLD~ 1.36B~ 22.88x~ 3.50%
1476~ 恒投證券~ 1.38B~ 11.24x~ -
8126~ Ｇ﹒Ａ﹒控股~ 123.83M~ 4.61x~ -
1903~ JBB BUILDERS~ 365.00M~ 90.12x~ -
399~ 領航醫藥生物科技~ 366.04M~ -~ -
197~ 亨泰~ 129.21M~ -~ -
8613~ 東方支付集團控股~ 90.00M~ -~ -
289~ WING ON CO~ 4.90B~ 6.44x~ 4.52%
2312~ 中國金融租賃~ 138.79M~ -~ -
3838~ 中國澱粉~ 767.44M~ 7.15x~ 4.84%
651~ 中海重工~ 34.09M~ -~ -
225~ 博富臨置業~ 1.27B~ 9.34x~ 3.28%
1371~ 華彩控股~ 164.71M~ -~ -
510~ 時富金融服務集團~ 109.00M~ -~ -
28699~ 阿里瑞通B2月PW21~ -~ -~ -
766~ 中盈集團控股~ 39.59M~ -~ -
1085~ 亨鑫科技~ 791.52M~ 6.30x~ 1.56%
1460~ 揚科集團~ 211.93M~ 2.24x~ -
8179~ 百利達集團控股~ 126.11M~ -~ -
8391~ 基石科技控股~ 278.71M~ -~ -
1430~ 蘇創燃氣~ 2.02B~ 26.42x~ 1.38%
2113~ 世紀集團國際~ 450.66M~ -~ -
60~ 香港食品投資~ 158.34M~ -~ -
1345~ 中國先鋒醫藥~ 1.19B~ 10.11x~ 11.16%
1180~ 匯彩控股~ 936.44M~ 988.89x~ -
894~ 萬裕科技~ 159.30M~ 5.05x~ -
391~ 美亞娛樂資訊~ 550.90M~ -~ -
3638~ 華邦金融~ 951.49M~ 166.92x~ -
611~ 中國核能科技~ 400.49M~ 4.14x~ -
680~ 南海控股~ 3.22B~ -~ -
1843~ 快餐帝國~ 162.40M~ 7.02x~ -
1203~ 廣南（集團）~ 608.08M~ 11.22x~ 5.97%
959~ 世紀娛樂國際~ 69.25M~ -~ -
199~ 德祥地產~ 816.14M~ -~ 9.41%
2189~ 嘉濤（香港）控股~ 530.00M~ 10.52x~ 7.55%
1020~ 賽伯樂國際控股~ 572.46M~ -~ -
1985~ 美高域~ 216.00M~ 5.32x~ 20.83%
646~ 中國環保科技~ 80.30M~ -~ -
6868~ 天福~ 5.87B~ 20.38x~ 3.77%
3708~ 中國供應鏈產業~ 1.17B~ -~ -
1023~ 時代集團控股~ 362.03M~ -~ 13.33%
2957~ 保華集團~ 331.17M~ -~ -
459~ 美聯工商舖~ 180.52M~ -~ -
1711~ 歐化~ 144.00M~ -~ -
2266~ 黎氏企業~ 204.00M~ 32.90x~ 2.22%
1314~ 翠華控股~ 409.25M~ -~ -
712~ 卡姆丹克太陽能~ 87.98M~ -~ -
129~ 泛海集團~ 1.09B~ 1.50x~ -
366~ 陸氏集團（越南）~ 608.09M~ 5.00x~ 4.13%
162~ 世紀金花~ 202.34M~ -~ -
72~ 現代傳播~ 61.36M~ 155.56x~ -
928~ 蓮和醫療~ 222.30M~ -~ -
261~ ＧＢＡ集團~ 1.83B~ -~ -
2300~ 澳科控股~ 2.00B~ 6.41x~ 5.28%
1685~ 博耳電力~ 232.13M~ 60.00x~ -
375~ YGM TRADING~ 330.06M~ -~ 5.03%
759~ CEC INT'L HOLD~ 453.00M~ 36.76x~ 0.74%
1181~ 唐宮中國~ 785.50M~ 7.84x~ 2.74%
1011~ 泰凌醫藥~ 215.22M~ -~ -
46~ 科聯系統~ 586.29M~ 10.38x~ 5.53%
1716~ 毛記葵涌~ 151.20M~ 11.36x~ 8.57%
1207~ 上置集團~ 616.94M~ -~ -
8128~ 中國地熱能~ 380.26M~ -~ -
8425~ 興銘控股~ 660.00M~ 589.29x~ -
829~ 神冠控股~ 768.85M~ 9.30x~ 25.21%
2086~ 海航科技投資~ 166.17M~ -~ -
1533~ 莊園牧場~ 206.91M~ 19.80x~ 1.02%
509~ 世紀陽光~ 206.15M~ 0.54x~ -
9936~ 稀美資源~ 651.00M~ 6.42x~ -
8473~ 彌明生活百貨~ 208.32M~ 13.10x~ -
377~ 中國華君~ 584.65M~ -~ -
1296~ 國電科環~ 244.92M~ -~ -
1707~ 致浩達控股~ 604.80M~ -~ -
3366~ 華僑城（亞洲）~ 1.18B~ 36.16x~ 0.79%
1450~ 世紀睿科~ 88.50M~ -~ -
851~ 盛源控股~ 80.21M~ -~ -
6080~ 榮智控股~ 121.38M~ -~ -
159~ 布萊克萬礦業~ 1.04B~ -~ -
1103~ 大生農業金融~ 62.02M~ -~ -
8296~ 中國生命集團~ 107.66M~ -~ -
638~ 建溢集團~ 289.71M~ 1.70x~ -
787~ 利標品牌~ 191.32M~ -~ -
143~ 國安國際~ 433.94M~ -~ -
1732~ 象興國際~ 129.00M~ 10.16x~ -
309~ 新華通訊頻媒~ 164.24M~ -~ -
346~ 延長石油國際~ 605.05M~ -~ -
8217~ 聯旺集團（新）~ 31.44M~ -~ -
8482~ 萬勵達~ 95.76M~ -~ -
730~ SHOUGANG GRAND~ 418.38M~ -~ -
901~ 鷹力投資~ 353.49M~ -~ -
234~ 新世紀集團~ 358.38M~ 22.96x~ -
2863~ 高豐集團控股~ 308.93M~ 11.85x~ -
39~ 中國北大荒~ 410.85M~ -~ -
2878~ SOLOMON SYSTECH~ 486.12M~ -~ -
1961~ 九尊數字互娛~ 343.98M~ 6.08x~ 4.00%
8516~ 廣駿集團~ 1.87B~ -~ -
1920~ 恆新豐控股~ 405.60M~ 9.57x~ -
1631~ REF HOLDINGS~ 117.76M~ 3.51x~ 43.48%
1115~ 西藏水資源~ 1.02B~ -~ -
28457~ 中銀瑞通A4月CW21~ -~ -~ -
3698~ 徽商銀行~ 8.87B~ 2.99x~ 6.75%
926~ 碧生源~ 440.15M~ 2.43x~ -
1255~ 港大零售~ 530.72M~ -~ -
1671~ 天保能源~ 100.75M~ 8.95x~ 5.22%
8395~ 齊家控股~ 229.68M~ 43.94x~ -
1932~ 中漆集團~ 455.00M~ -~ 2.20%
8437~ 德斯控股~ 342.00M~ 356.25x~ -
1522~ 京投交通科技~ 819.04M~ 8.46x~ 5.13%
1253~ 中國綠地博大綠澤~ 1.33B~ 17.09x~ -
8175~ 中國數碼文化~ 157.77M~ -~ -
1273~ 香港信貸~ 159.77M~ 2.88x~ 6.75%
907~ 高雅光學~ 165.95M~ -~ -
422~ 越南製造加工出口~ 201.50M~ -~ -
904~ 中綠~ 38.34M~ -~ -
1439~ 移動互聯（中國）~ 66.11M~ -~ -
8341~ 艾碩控股~ 67.20M~ -~ -
1229~ 南南資源~ 75.00M~ -~ -
411~ 南順（香港）~ 2.99B~ 9.21x~ 3.66%
1647~ 雄岸科技~ 157.67M~ -~ -
593~ 夢東方~ 431.09M~ -~ -
6161~ 泰加保險~ 297.20M~ -~ -
126~ 佳寧娜~ 590.83M~ 41.96x~ 6.38%
544~ 大同集團~ 55.94M~ -~ -
1185~ 中國航天萬源~ 371.36M~ -~ -
802~ 中國錢包~ 301.81M~ -~ -
1399~ 飛毛腿~ 267.05M~ 4.66x~ -
878~ 金朝陽集團~ 1.92B~ 8.86x~ 2.94%
1266~ 西王特鋼~ 983.18M~ 43.68x~ -
6063~ 智中國際~ 226.00M~ 4.96x~ 4.42%
245~ 中薇金融~ 3.12B~ -~ -
1004~ 中國智慧能源~ 731.19M~ -~ -
1277~ 力量能源~ 2.86B~ 3.15x~ 13.24%
6033~ 電訊數碼控股~ 892.29M~ 11.13x~ 9.95%
1486~ 思城控股~ 239.25M~ -~ -
2120~ 康寧醫院~ 452.56M~ 27.30x~ -
397~ 權威金融~ 211.55M~ -~ -
1097~ 有線寬頻~ 406.67M~ -~ -
6083~ 環宇物流（亞洲）~ 226.62M~ 9.87x~ 2.20%
8139~ 長安仁恒~ 110.97M~ -~ -
2051~ ５１信用卡~ 638.41M~ -~ -
8447~ MS CONCEPT~ 49.00M~ -~ -
2221~ 創業集團控股~ 124.61M~ -~ -
2302~ 中核國際~ 870.71M~ -~ -
1937~ 佳辰控股~ 91.00M~ 3.27x~ -
1982~ 南旋控股~ 1.12B~ 7.18x~ 8.69%
2181~ 邁博藥業—Ｂ~ 4.53B~ -~ -
1058~ 粵海制革~ 145.26M~ -~ -
1636~ 中國金屬利用~ 513.16M~ -~ -
1340~ 惠生國際~ 61.65M~ -~ -
3348~ 中國鵬飛集團~ 585.00M~ 5.31x~ 4.68%
8246~ 中華燃氣~ 941.75M~ 18.98x~ -
2068~ 中鋁國際~ 499.34M~ -~ 0.31%
8269~ 富譽控股~ 61.11M~ -~ -
1221~ SINO HOTELS~ 2.67B~ -~ 0.43%
2226~ 老恒和釀造~ 1.34B~ 6.32x~ 3.21%
8080~ 北亞策略~ 160.82M~ 1.45x~ -
3773~ 年年卡~ 128.65M~ 182.35x~ -
9938~ 華和控股~ 119.00M~ 3.45x~ -
2263~ 富石金融~ 147.00M~ 8.40x~ -
6162~ 天瑞汽車內飾~ 214.00M~ 4.33x~ 5.61%
332~ 元亨燃氣~ 2.35B~ -~ -
8406~ 合寶豐年~ 89.60M~ 4.32x~ 6.70%
8417~ 大地教育~ 66.51M~ -~ -
1036~ 萬科海外~ 1.02B~ 7.65x~ 3.44%
605~ 中國金融投資管理~ 414.90M~ 2.27x~ -
2686~ 亞美能源~ 3.49B~ 4.51x~ 11.27%
1446~ 鴻福堂~ 272.21M~ 27.12x~ 4.19%
842~ 理士國際~ 570.21M~ 3.92x~ 4.76%
505~ 興業合金~ 724.95M~ 11.73x~ -
8150~ 無縫綠色~ 45.60M~ -~ -
1194~ 灣區黃金~ 193.11M~ -~ -
1825~ STERLING GP~ 67.20M~ -~ -
1701~ 途屹控股~ 260.00M~ 8.15x~ -
8120~ 國農金融投資~ 39.02M~ -~ -
8623~ 中國蜀塔~ 61.60M~ -~ -
984~ 永旺~ 540.80M~ -~ 4.81%
1861~ 保寶龍科技~ 422.71M~ 11.33x~ 2.46%
6189~ 愛得威建設集團~ 59.62M~ 2.84x~ -
8178~ 中國信息科技~ 149.34M~ -~ -
1576~ 齊魯高速~ 1.79B~ 5.77x~ 10.94%
573~ 稻香控股~ 853.95M~ 6.83x~ 4.17%
1847~ 雲南建投混凝土~ 228.93M~ 2.56x~ 8.68%
1059~ 看通集團~ 57.51M~ 13.66x~ -
1968~ 興紡控股~ 110.08M~ 20.98x~ 4.65%
684~ 亞倫國際~ 503.14M~ -~ 6.00%
542~ 富元國際集團~ 1.31B~ -~ -
1536~ 煜榮集團~ 100.70M~ 7.36x~ -
565~ 錦藝集團控股~ 752.86M~ -~ -
210~ 達芙妮國際~ 400.90M~ -~ -
1241~ 雙樺控股~ 65.00M~ -~ -
1433~ 常達控股~ 102.00M~ 3.02x~ -
690~ 聯康生物科技集團~ 764.66M~ 297.50x~ -
1025~ 嘉藝控股~ 97.76M~ -~ -
1758~ 博駿教育~ 509.55M~ 17.27x~ -
1388~ 安莉芳控股~ 422.41M~ 5.26x~ 3.00%
6138~ 哈爾濱銀行~ 2.90B~ 2.72x~ 11.39%
2014~ 浩澤淨水~ 403.01M~ -~ -
65~ 弘海高新資源~ 488.63M~ -~ -
8047~ 中國海洋發展~ 496.57M~ 17.27x~ -
171~ 銀建國際~ 2.14B~ 38.43x~ -
9929~ 澳達控股~ 158.00M~ 6.03x~ -
1447~ 新福港~ 240.00M~ -~ 13.33%
8496~ 新加坡美食控股~ 120.00M~ -~ -
1870~ 益美國際控股~ 105.04M~ 2.02x~ 4.95%
1165~ 順風清潔能源~ 538.09M~ -~ -
702~ 中國油氣控股~ 200.72M~ -~ -
8257~ 靖洋集團~ 250.00M~ 5.45x~ -
1090~ 大明國際~ 2.47B~ 12.52x~ -
682~ 超大現代~ 171.37M~ -~ -
8526~ 榮豐集團亞洲~ 243.95M~ 11.46x~ -
1195~ 京維集團~ 124.01M~ -~ -
1312~ 同方康泰~ 447.08M~ 20.00x~ -
1842~ 植華集團~ 285.00M~ -~ -
833~ 華訊~ 501.44M~ -~ 2.83%
8076~ 新利軟件~ 122.50M~ 0.41x~ -
653~ 卓悅控股~ 542.59M~ -~ -
8403~ 天平道合~ 88.00M~ -~ -
6877~ CLSA PREMIUM~ 370.05M~ -~ -
1917~ 豆盟科技~ 317.40M~ 26.54x~ -
8232~ CLASSIFIED GP~ 20.07M~ -~ -
618~ 北大資源~ 506.87M~ -~ -
632~ 中港石油~ 163.32M~ -~ -
8250~ 絲路能源~ 149.85M~ -~ -
8363~ SDM GROUP~ 572.96M~ -~ -
1775~ 精英匯集團~ 270.00M~ -~ 1.85%
51460~ 阿里瑞通Q6月RC21~ -~ -~ -
180~ 開達集團~ 427.76M~ -~ -
3683~ 榮豐聯合控股~ 1.13B~ -~ -
1101~ 華榮能源~ 429.34M~ 6.92x~ -
8229~ FUTURE DATA~ 44.00M~ 10.09x~ -
3828~ 明輝國際~ 506.64M~ 5.12x~ 5.80%
3882~ 天彩控股~ 223.89M~ -~ -
983~ 瑞安建業~ 456.76M~ 66.67x~ -
250~ 中國數碼信息~ 803.65M~ 33.64x~ -
299~ 寶新置地~ 1.54B~ 3.82x~ -
1615~ 奧邦建築~ 139.20M~ 7.09x~ -
243~ QPL INT'L~ 39.67M~ -~ -
8158~ 中國再生醫學~ 494.89M~ -~ -
760~ 新天地產集團~ 216.15M~ -~ -
3893~ 易緯集團~ 115.20M~ -~ -
8631~ 申港控股~ 36.00M~ 21.43x~ -
2886~ 濱海投資~ 1.71B~ 18.38x~ 2.76%
117~ 天利控股集團~ 417.06M~ -~ -
866~ 中國秦發~ 271.78M~ 3.22x~ -
8301~ 明華科技~ 6.80M~ -~ -
8502~ 遠航港口~ 199.20M~ 4.40x~ -
1280~ 奇點國際~ 253.99M~ -~ -
8372~ 君百延集團~ 59.20M~ 6.17x~ 5.95%
3303~ 巨濤海洋石油服務~ 776.15M~ 163.79x~ -
1259~ 未來發展控股~ 146.61M~ -~ -
9~ 金奧國際~ 221.26M~ -~ -
139~ 中達集團控股~ 335.36M~ 1.48x~ -
259~ 億都（國際控股）~ 1.76B~ 14.11x~ 2.82%
3928~ S&T HLDGS~ 316.80M~ 8.64x~ -
1553~ 邁科管業~ 646.36M~ 5.14x~ -
1049~ 時富投資~ 96.05M~ -~ -
2230~ 羚邦集團~ 223.10M~ 5.99x~ 4.02%
953~ 邵氏兄弟控股~ 265.46M~ 13.55x~ -
91~ 金禧國際控股~ 187.43M~ -~ -
8506~ 福紡控股~ 236.00M~ 13.04x~ -
1009~ 國際娛樂~ 684.57M~ -~ -
1552~ BHCC HOLDING~ 137.60M~ 344.00x~ -
1037~ 雲智匯科技~ 373.27M~ 2.95x~ -
891~ 利邦~ 298.66M~ 5.93x~ -
6193~ 泰林科建~ 138.00M~ 4.04x~ -
2788~ 精熙國際~ 466.20M~ 11.97x~ 4.39%
1708~ 三寶科技~ 491.13M~ 14.59x~ -
8242~ 新威斯頓~ 35.22M~ -~ -
8193~ 亞太金融投資~ 18.36M~ -~ -
1645~ 海納智能~ 263.20M~ -~ -
491~ 英皇文化產業~ 234.57M~ -~ -
755~ 上海証大~ 491.01M~ -~ -
1230~ 雅士利國際~ 2.37B~ 19.23x~ -
3363~ 正業國際~ 265.00M~ 2.94x~ 6.13%
1752~ 澳洲成峰高教~ 695.13M~ 28.22x~ 1.05%
1637~ 順興集團控股~ 134.00M~ 5.15x~ 5.07%
310~ 嘉進投資國際~ 27.86M~ -~ -
8507~ 愛世紀集團~ 66.80M~ -~ -
145~ 香港建屋貸款~ 70.64M~ -~ -
1891~ 興合控股~ 175.00M~ 13.89x~ -
8413~ 亞洲雜貨~ 267.26M~ -~ -
8167~ 中國新電信~ 714.16M~ -~ -
1175~ 鮮馳達控股~ 97.13M~ -~ -
1655~ OKURA HOLDINGS~ 280.00M~ -~ -
240~ 利基控股~ 1.00B~ 3.39x~ 5.93%
167~ IDT INT'L~ 72.79M~ -~ -
990~ 榮暉國際~ 1.30B~ 7.69x~ -
1198~ 皇朝家居~ 3.74B~ 52.55x~ -
8146~ 怡園酒業~ 116.00M~ -~ -
837~ 譚木匠~ 952.57M~ 7.12x~ 7.32%
8011~ 百田石油~ 536.67M~ -~ -
1867~ 樂嘉思控股~ 112.00M~ 111.11x~ -
1472~ 生興控股~ 205.00M~ 3.24x~ 4.88%
6117~ 日照港裕廊~ 500.20M~ 5.58x~ 4.30%
585~ 意馬國際~ 663.93M~ -~ -
1315~ 允升國際~ 378.00M~ -~ -
51458~ 美團瑞通C6月RC21~ -~ -~ -
8089~ 華人策略控股~ 22.34M~ -~ -
1118~ 高力集團~ 356.11M~ -~ 3.23%
695~ 東吳水泥~ 690.00M~ 9.43x~ 5.80%
2022~ 遊萊互動~ 142.00M~ -~ -
8606~ 倢冠控股~ 101.60M~ 47.04x~ -
1560~ 星星地產~ 263.01M~ 45.56x~ 5.37%
1039~ 暢由聯盟~ 742.49M~ -~ -
6822~ 科勁國際~ 875.00M~ 7.00x~ 24.00%
280~ 景福集團~ 260.39M~ 45.97x~ 0.70%
202~ 潤中國際控股~ 1.33B~ -~ -
8311~ 圓美光電~ 408.01M~ -~ -
1606~ 國銀租賃~ 3.18B~ 4.54x~ 9.95%
6880~ 騰邦控股~ 90.80M~ -~ -
8293~ 星亞控股~ 55.50M~ -~ -
6038~ 信越控股~ 130.00M~ 4.92x~ 10.77%
1206~ 同方泰德~ 586.64M~ 4.77x~ -
8147~ 匯思太平洋~ 51.53M~ -~ -
1451~ 萬成集團股份~ 110.00M~ 8.72x~ -
2393~ 巨星醫療控股~ 2.94B~ 13.46x~ -
929~ 國際精密~ 694.48M~ 17.23x~ 0.76%
6893~ 衍生集團~ 665.99M~ -~ -
8198~ 樂透互娛~ 238.78M~ -~ -
1201~ 天臣控股~ 508.50M~ -~ -
174~ 盛洋投資~ 322.29M~ -~ -
1150~ 米蘭站~ 81.87M~ -~ -
1697~ 山東國信~ 873.55M~ 4.83x~ 8.03%
1738~ 飛尚無煙煤~ 1.35B~ -~ -
1719~ 中國通商集團~ 1.44B~ 42.00x~ -
1346~ 利華控股集團~ 182.14M~ 3.81x~ 14.04%
577~ 南岸集團~ 89.13M~ -~ -
1466~ 錢唐控股~ 32.18M~ -~ -
217~ 中國誠通發展集團~ 1.09B~ 23.05x~ -
61~ 綠領控股~ 70.51M~ -~ -
11004~ 港交瑞通A4月CW21~ -~ -~ -
994~ 中天宏信~ 524.97M~ -~ -
292~ 泛海酒店~ 393.51M~ 1.03x~ -
124~ 粵海置地~ 1.95B~ 5.72x~ -
8491~ COOL LINK~ 150.00M~ -~ -
515~ 中華銀科技~ 209.30M~ -~ -
2381~ 蜆壳電業~ 200.00M~ -~ -
8402~ GT STEEL GROUP~ 36.48M~ 1.29x~ -
650~ ＩＤＧ能源投資~ 4.22B~ -~ -
3678~ 弘業期貨~ 179.78M~ 28.13x~ 1.51%
717~ 英皇證券~ 849.34M~ -~ -
301~ 三和精化~ 393.30M~ 11.89x~ 2.61%
663~ 金山能源~ 495.72M~ -~ -
8620~ 亞洲速運~ 84.96M~ -~ -
1386~ 國投集團控股~ 415.39M~ -~ -
528~ 金達控股~ 850.06M~ 4.95x~ 5.19%
2108~ K2 F&B~ 108.00M~ 3.72x~ -
1094~ 中國公共採購~ 45.43M~ -~ -
2558~ 晉商銀行~ 1.32B~ 4.49x~ 8.77%
1663~ 漢港控股~ 283.36M~ 4.55x~ 8.70%
1749~ 杉杉品牌~ 16.53M~ -~ -
8087~ 中國三三傳媒~ 35.94M~ -~ -
1581~ 進昇集團控股~ 108.93M~ -~ -
2885~ 彼岸控股~ 128.00M~ 4.19x~ -
1237~ 中科生物~ 129.71M~ -~ -
500~ 先豐服務集團~ 750.34M~ -~ -
3368~ 百盛集團~ 592.76M~ -~ -
273~ 茂宸集團~ 1.15B~ -~ -
1578~ 天津銀行~ 4.81B~ 3.31x~ 7.22%
42~ 東北電氣~ 119.94M~ -~ -
859~ 中昌國際控股~ 416.26M~ -~ -
8006~ 華泰瑞銀~ 39.35M~ -~ -
3991~ 長虹佳華~ 1.12B~ 6.84x~ 5.19%
3663~ 協眾國際控股~ 400.00M~ -~ -
3728~ 正利控股~ 159.04M~ 13.08x~ 3.82%
911~ 前海健康~ 198.05M~ 7.41x~ -
660~ 瑋俊生物科技~ 165.90M~ -~ -
8093~ 萬星控股~ 84.84M~ -~ -
112~ 勒泰集團~ 525.32M~ 2.66x~ -
704~ 和嘉控股~ 140.66M~ 14.00x~ -
2326~ 新源萬恒控股~ 210.84M~ -~ -
3616~ 恒達集團控股~ 1.16B~ 3.64x~ -
8101~ 壹家壹品~ 120.01M~ 1.44x~ -
60161~ 舜光瑞通A9月RC21~ -~ -~ -
2363~ 通達宏泰~ 117.25M~ -~ -
8007~ 環球戰略集團~ 19.14M~ -~ -
9919~ 艾德韋宣集團~ 601.81M~ 14.29x~ -
1959~ 世紀聯合控股~ 210.00M~ 4.67x~ 4.76%
8005~ 裕興科技~ 456.07M~ 10.19x~ -
8431~ 浩柏國際~ 53.30M~ -~ -
725~ 恆都集團~ 123.35M~ -~ -
862~ 遠見控股~ 1.03B~ -~ -
318~ 黃河實業~ 115.31M~ 11.28x~ -
8511~ ZC TECH GP~ 51.60M~ 16.54x~ -
8616~ 新威工程集團~ 81.00M~ 3.14x~ 7.16%
1365~ 潤東汽車~ 176.99M~ -~ -
1251~ 華油能源~ 463.44M~ 2.13x~ -
3999~ 大成食品~ 812.95M~ 5.56x~ -
1367~ 廣州基金國際控股~ 192.00M~ -~ -
1826~ 旭通控股~ 202.46M~ 9.16x~ -
988~ 絲路物流控股~ 165.40M~ -~ -
9998~ 光榮控股~ 190.40M~ -~ -
886~ 銀基集團~ 280.25M~ -~ -
36~ 遠東控股國際~ 148.12M~ -~ -
11007~ 中移瑞通A7月CW21~ -~ -~ -
915~ 道和環球~ 90.57M~ -~ -
8062~ 俊盟國際~ 124.80M~ 29.55x~ 2.42%
33~ 安山金控~ 99.39M~ -~ -
1162~ 瑩嵐集團~ 90.00M~ 5.24x~ -
1397~ 碧瑤綠色集團~ 103.75M~ -~ -
8028~ 天時軟件~ 95.63M~ -~ -
8422~ ＷＴ集團~ 30.00M~ -~ -
910~ 中國三迪~ 2.84B~ 5.28x~ -
8162~ 港銀控股~ 169.97M~ -~ -
190~ 香港建設（控股）~ 2.04B~ 7.59x~ 6.48%
149~ 中國農產品交易~ 706.66M~ 142.00x~ -
1079~ 松景科技~ 126.03M~ -~ -
1247~ 米格國際控股~ 31.48M~ -~ -
8022~ 永耀集團控股~ 34.62M~ -~ -
1232~ 金輪天地控股~ 1.04B~ 3.79x~ 2.76%
1421~ 工蓋有限公司~ 177.95M~ -~ -
641~ 中國恒天立信國際~ 330.06M~ 1.95x~ 6.67%
8635~ 連成科技集團~ 38.00M~ 5.49x~ 2.11%
1851~ 銀杏教育~ 1.04B~ 29.40x~ -
3666~ 國際天食~ 168.19M~ -~ -
1087~ 威訊控股~ 143.20M~ -~ -
118~ 大同機械~ 301.67M~ 19.13x~ -
9918~ 麗年國際~ 192.00M~ 4.30x~ 10.42%
1949~ PLATT NERA~ 116.00M~ -~ -
8426~ 雅居投資控股~ 121.60M~ 16.89x~ 3.29%
2398~ 友佳國際~ 519.96M~ 39.09x~ -
513~ 恆和集團~ 505.50M~ -~ -
8471~ 新達控股~ 255.00M~ -~ -
1925~ 曠世控股~ 441.49M~ 10.77x~ -
1338~ 霸王集團~ 341.54M~ -~ -
236~ 香港生力啤~ 276.44M~ 23.87x~ -
2281~ 興瀘水務~ 240.73M~ 4.61x~ 5.87%
8495~ 1957 & CO.~ 78.33M~ -~ -
1240~ 青建國際~ 986.90M~ 4.48x~ 6.15%
8319~ 思博系統~ 98.40M~ 9.18x~ 3.66%
8357~ REPUBLIC HC~ 145.60M~ 43.08x~ -
8295~ 中植資本國際~ 3.01B~ 1,800.00x~ -
383~ 中國醫療網絡~ 2.02B~ 700.00x~ -
8113~ 揚宇科技~ 182.77M~ 12.44x~ 3.57%
923~ 綜合環保集團~ 202.56M~ -~ -
936~ 鵬程亞洲~ 492.90M~ -~ -
559~ 德泰新能源集團~ 156.95M~ -~ -
2003~ 維信金科~ 1.71B~ 24.32x~ -
2083~ 大自然家居~ 1.35B~ 7.61x~ -
339~ 核心經濟投資~ 39.27M~ -~ -
1289~ 盛力達科技~ 26.56M~ 11.99x~ -
92~ 冠軍科技集團~ 61.54M~ -~ -
6882~ 東瀛遊~ 180.88M~ 12.90x~ -
1435~ STYLAND W2011~ -~ -~ -
1125~ 麗豐控股~ 2.21B~ -~ -
1080~ 勝利管道~ 255.40M~ -~ -
8143~ 金威醫療~ 157.82M~ -~ -
976~ 齊合環保~ 356.34M~ -~ -
8155~ 南華資產控股~ 134.14M~ -~ -
2341~ 中怡國際~ 999.82M~ 3.98x~ 5.12%
675~ 堅寶國際~ 170.88M~ 10.26x~ 7.03%
416~ 錦州銀行~ 8.89B~ -~ -
183~ 宏輝集團~ 280.40M~ -~ -
1500~ 現恆建築~ 102.92M~ 27.56x~ -
3889~ 大成糖業~ 221.49M~ -~ -
854~ 威雅利~ 177.23M~ -~ -
8609~ 永續農業~ 77.00M~ 2.69x~ -
1380~ 中國金石~ 101.95M~ -~ -
722~ 聯合醫務~ 934.22M~ 15.66x~ 2.70%
1613~ 協同通信~ 309.70M~ -~ -
6116~ 拉夏貝爾~ 102.02M~ -~ -
8308~ 古兜控股~ 735.00M~ 27.27x~ -
265~ 東勝旅遊~ 1.22B~ -~ -
1587~ 欣融國際~ 197.20M~ 6.02x~ -
3686~ 祈福生活服務~ 578.69M~ 5.51x~ 4.39%
3866~ 青島銀行~ 8.07B~ 10.67x~ 4.79%
1591~ 汛和集團~ 80.00M~ -~ -
993~ 華融金控~ 950.94M~ -~ -
379~ 恒嘉融資租賃~ 325.64M~ -~ -
8451~ 日光控股~ 45.60M~ 19.66x~ -
8196~ 建禹集團~ 94.50M~ -~ -
1897~ 美亨實業~ 270.52M~ 11.15x~ 5.16%
29579~ 比迪瑞通B4月CW21~ -~ -~ -
8371~ 嚐高美集團~ 527.82M~ 17.55x~ 2.16%
2682~ 潤利海事~ 100.00M~ 10.31x~ 5.00%
8645~ NOMAD TECH~ 54.60M~ -~ -
3344~ 共享集團~ 88.18M~ -~ -
893~ 中國鐵鈦~ 245.14M~ 3.24x~ -
869~ 彩星玩具~ 330.40M~ -~ -
8029~ 太陽國際~ 499.49M~ -~ -
8159~ 輝煌科技~ 109.12M~ 8.12x~ -
487~ 實德環球~ 625.66M~ 8.41x~ -
223~ 易生活控股~ 222.44M~ -~ -
8219~ 恆偉集團控股~ 70.00M~ -~ -
8307~ 密迪斯肌~ 70.97M~ -~ -
8188~ 駿傑集團控股~ 35.60M~ -~ -
8348~ 濱海泰達物流~ 28.49M~ 9.90x~ -
827~ 玖源集團~ 356.72M~ -~ -
1529~ 健升物流中國~ 104.00M~ 10.16x~ -
1013~ 偉俊集團控股~ 363.64M~ -~ -
8133~ 鑄能控股~ 66.56M~ -~ -
889~ 連達科技控股~ 182.40M~ 10.34x~ 5.26%
841~ 木薯資源~ 125.71M~ -~ -
2166~ 芯智控股~ 606.33M~ 11.22x~ 3.25%
8020~ 宏海控股集團~ 76.66M~ -~ -
1630~ 建成控股~ 97.50M~ -~ -
6058~ 興證國際~ 1.24B~ -~ -
1731~ 其利工業集團~ 341.60M~ -~ -
1321~ 中國新城市~ 1.97B~ 68.53x~ -
8379~ 匯安智能~ 44.80M~ -~ -
1292~ 長安民生物流~ 105.05M~ -~ -
1393~ 恒鼎實業~ 235.24M~ -~ -
533~ 金利來集團~ 1.55B~ 5.07x~ 7.91%
2336~ 海亮國際~ 339.57M~ -~ -
201~ 華大酒店~ 760.49M~ 23.61x~ -
1742~ HPC HOLDINGS~ 147.20M~ 1.74x~ -
8130~ 大地國際集團~ 327.97M~ 9.48x~ 4.35%
3623~ 中國金融發展~ 592.83M~ -~ -
6833~ 興科蓉醫藥~ 541.40M~ 21.77x~ -
975~ MONGOL MINING~ 452.83M~ 0.60x~ -
1831~ 十方控股~ 90.91M~ -~ -
954~ 常茂生物~ 102.87M~ 4.64x~ 10.73%
948~ 阿爾法企業~ 282.92M~ -~ -
1827~ 卓珈控股~ 248.00M~ 18.29x~ -
1305~ 偉志控股~ 75.88M~ 2.04x~ -
393~ 旭日企業~ 1.22B~ 11.08x~ 6.50%
2236~ 惠生工程~ 3.17B~ 57.35x~ 0.51%
834~ 康大食品~ 134.21M~ 28.18x~ -
8210~ 衍匯亞洲~ 44.80M~ -~ -
2122~ 凱知樂國際~ 144.00M~ -~ -
1395~ 強泰環保~ 122.91M~ 123.33x~ 9.01%
360~ 新焦點~ 473.73M~ -~ -
298~ 莊士中國~ 951.27M~ -~ -
8205~ 交大慧谷~ 13.33M~ 8.63x~ -
8017~ 捷利交易寶~ 147.50M~ 10.77x~ -
6899~ 聯眾~ 549.67M~ -~ -
8392~ 舍圖控股~ 59.00M~ -~ -
499~ 青島控股~ 197.21M~ 11.45x~ -
63~ 中亞烯谷集團~ 377.75M~ -~ -
8200~ 修身堂~ 37.52M~ -~ -
8203~ 凱順控股~ 63.42M~ -~ -
154~ 北京控股環境集團~ 637.65M~ 2.87x~ -
1303~ 滙力資源~ 233.28M~ -~ -
320~ 金寶通~ 285.51M~ 25.95x~ 3.85%
8325~ 中國支付通~ 411.04M~ -~ -
2700~ 格林國際控股~ 120.43M~ -~ -
169~ 萬達酒店發展~ 1.33B~ -~ -
1730~ LHN~ 289.76M~ 6.19x~ 5.97%
244~ 先施~ 420.46M~ -~ -
51~ 海港企業~ 5.03B~ 43.00x~ 3.10%
2227~ 守益控股~ 325.03M~ -~ -
1076~ 博華太平洋~ 1.42B~ -~ -
8465~ 高科橋~ 301.60M~ 8.43x~ -
1547~ IBI GROUP HLDGS~ 180.00M~ 8.33x~ 4.44%
1621~ 域高國際控股~ 86.00M~ 5.38x~ -
674~ 中國唐商~ 217.03M~ -~ -
1841~ 優越集團控股~ 136.00M~ 5.25x~ 7.35%
8446~ ITP HOLDINGS~ 136.00M~ -~ -
90~ 普星能量~ 256.81M~ 4.28x~ 7.14%
367~ 莊士機構國際~ 1.50B~ -~ 1.67%
1725~ 恒達科技控股~ 390.00M~ 13.84x~ -
693~ 陳唱國際~ 4.16B~ 19.57x~ 4.83%
6805~ 金茂源環保~ 694.40M~ 9.98x~ -
2728~ 金泰能源控股~ 574.69M~ -~ -
2663~ 應力控股~ 120.60M~ 2.24x~ 12.44%
2608~ 陽光１００中國~ 3.13B~ 1.60x~ 8.13%
3389~ 亨得利~ 1.35B~ -~ -
115~ 鈞濠集團~ 183.71M~ -~ -
896~ 興勝創建~ 1.05B~ 4.78x~ 7.73%
727~ 皇冠環球集團~ 994.70M~ 107.41x~ -
1822~ 中木國際~ 44.53M~ -~ -
1868~ 同方友友~ 1.19B~ -~ -
3395~ PERSTA~ 90.56M~ -~ -
58~ 新威國際~ 48.49M~ -~ -
3689~ 康華醫療~ 236.30M~ 11.54x~ -
1759~ 中油潔能控股~ 596.16M~ 24.75x~ -
668~ 東銀國際控股~ 433.17M~ -~ -
8320~ 沛然環保~ 42.24M~ 45.71x~ -
1001~ 滬港聯合~ 157.10M~ -~ -
814~ 北京京客隆~ 196.73M~ 7.70x~ 8.10%
8321~ 泰錦控股~ 25.92M~ -~ -
673~ 中國衛生集團~ 144.89M~ -~ -
935~ 龍翔集團~ 671.34M~ 17.30x~ 5.09%
2324~ 首都創投~ 135.09M~ -~ -
503~ 朗生醫藥~ 293.90M~ 2.09x~ -
2112~ 優庫資源~ 132.00M~ -~ -
8043~ ATLINKS~ 68.00M~ -~ -
6866~ 佐力小貸~ 111.00M~ 3.02x~ -
353~ 能源國際投資~ 432.33M~ 13.64x~ -
1690~ 立基工程控股~ 79.80M~ -~ -
1258~ 中國有色礦業~ 5.58B~ 5.33x~ 3.75%
1783~ 金侖控股有限公司~ 95.20M~ -~ 8.40%
8231~ 節能元件~ 66.33M~ -~ -
3878~ VICON HOLDINGS~ 106.00M~ 4.47x~ -
8621~ METROPOLIS CAP~ 69.12M~ -~ -
1539~ 滙能集團~ 93.06M~ -~ -
2289~ 創美藥業~ 127.12M~ 11.18x~ 4.81%
8030~ 匯聯金融服務~ 77.91M~ -~ -
193~ 冠中地產~ 74.81M~ -~ -
943~ 中證國際~ 750.51M~ -~ -
913~ 合一投資~ 28.38M~ -~ -
8057~ 麥迪森控股~ 233.67M~ -~ -
1278~ 中國新城鎮~ 1.19B~ 11.50x~ 3.58%
8268~ 智城發展控股~ 79.00M~ -~ -
828~ 王朝酒業~ 312.05M~ -~ -
1107~ 當代置業~ 2.93B~ 3.68x~ 7.17%
94~ 綠心集團~ 198.48M~ -~ -
426~ 萬華媒體~ 46.10M~ -~ -
8066~ 品創控股~ 29.94M~ -~ -
8040~ ＤＣＢ控股~ 32.64M~ -~ 7.35%
1712~ 龍資源~ 277.68M~ 8.56x~ -
1582~ 華營建築~ 255.00M~ 3.40x~ 14.71%
8082~ 太陽娛樂集團~ 450.28M~ -~ -
8500~ 天泓文創~ 327.60M~ -~ -
8050~ 量子思維~ 515.37M~ -~ -
736~ 中國置業投資~ 78.81M~ -~ -
2223~ 卡撒天嬌~ 154.71M~ 8.38x~ 5.00%
8249~ 瑞遠智控~ 11.31M~ -~ -
980~ 聯華超市~ 417.31M~ -~ -
8107~ 威誠國際控股~ 35.00M~ 11.29x~ 21.43%
8350~ 駿溢環球金融~ 120.00M~ -~ -
2017~ 滄海控股~ 182.45M~ 4.04x~ -
8622~ 華康生物醫學~ 40.00M~ -~ -
1583~ 親親食品~ 1.57B~ 16.97x~ -
1747~ HOME CONTROL~ 386.25M~ 15.19x~ 2.71%
8572~ 艾碩控股股權~ -~ -~ -
8071~ 中彩網通控股~ 131.20M~ -~ -
205~ 財訊傳媒~ 50.47M~ -~ -
1370~ 奧威控股~ 2.38B~ -~ -
2182~ 天長集團~ 223.20M~ 1.75x~ 4.17%
8201~ 寶聯控股~ 33.48M~ -~ -
1026~ 環球實業科技~ 782.84M~ -~ -
724~ 瑞鑫國際集團~ 36.12M~ -~ -
758~ 新華聯資本~ 235.21M~ -~ -
6908~ 宏光照明~ 212.00M~ 11.21x~ -
1720~ 普天通信集團~ 726.00M~ 9.95x~ -
1007~ 龍輝國際控股~ 63.73M~ -~ -
8400~ 亞洲先鋒娛樂~ 43.00M~ -~ -
8291~ 萬成金屬包裝~ 10.00M~ -~ -
9933~ GHW INTL~ 104.00M~ 2.45x~ -
472~ 新絲路文旅~ 397.74M~ -~ -
231~ 平安證券集團控股~ 92.98M~ -~ -
1272~ 大唐環境~ 486.95M~ 9.68x~ 4.74%
8078~ 中國創意數碼~ 12.48M~ -~ -
274~ 中富資源~ 107.82M~ -~ -
1192~ 泰山石化~ 110.71M~ 0.07x~ -
747~ 瀋陽公用發展股份~ 69.01M~ -~ -
1189~ 大灣區聚變力量~ 169.68M~ -~ 11.63%
974~ 中國順客隆~ 165.56M~ -~ -
8362~ 運興泰集團~ 78.40M~ -~ 17.86%
1921~ 達力普控股~ 1.54B~ 3.49x~ 9.71%
8287~ 百家淘客~ 132.00M~ -~ -
1470~ 富一國際控股~ 99.20M~ -~ -
1104~ 亞太資源~ 1.19B~ -~ 10.20%
1027~ 中國集成控股~ 46.37M~ -~ -
8222~ 壹照明~ 22.55M~ -~ -
2379~ 中天國際~ 155.87M~ 2.21x~ -
1102~ 環能國際~ 143.73M~ -~ -
1721~ FSM HOLDINGS~ 350.00M~ 700.00x~ -
8187~ 積木集團~ 175.56M~ -~ -
2309~ 伯明翰體育~ 2.53B~ -~ -
1496~ 亞積邦租賃~ 171.93M~ -~ -
1808~ 企展控股~ 115.62M~ -~ -
2340~ 昇捷控股~ 159.31M~ 4.24x~ -
1823~ 華昱高速~ 305.32M~ 6.06x~ -
8152~ 明樑控股~ 48.60M~ -~ -
1443~ 富臨集團控股~ 239.20M~ -~ -
1705~ 賓仕國際~ 144.00M~ 133.33x~ -
1746~ 萬順集團控股~ 365.00M~ 365.00x~ -
919~ 現代健康科技~ 84.11M~ -~ -
1495~ 集一控股~ 544.49M~ 33.98x~ -
876~ 佳兆業健康~ 675.64M~ -~ -
655~ 香港華人有限公司~ 1.33B~ 3.15x~ 4.48%
8173~ 萬亞企業控股~ 40.29M~ -~ -
8493~ 龍皇集團~ 76.32M~ -~ -
340~ 潼關黃金~ 983.75M~ -~ -
483~ 包浩斯國際~ 220.42M~ -~ 56.67%
29257~ 美團瑞通D2月PW21~ -~ -~ -
8161~ 醫匯集團~ 59.28M~ -~ -
1739~ 齊屹科技~ 2.54B~ 38.19x~ 0.93%
519~ 實力建業~ 513.54M~ -~ -
543~ 太平洋網絡~ 1.19B~ 7.06x~ 11.24%
1327~ 勵時集團~ 36.08M~ -~ -
8368~ 中國創意控股~ 79.07M~ 41.67x~ -
8668~ 瀛海集團~ 126.00M~ -~ -
8315~ 長城匯理~ 81.42M~ -~ -
756~ 森美控股~ 161.74M~ 0.45x~ -
578~ 融信資源~ 31.20M~ -~ -
8027~ 吉輝控股~ 23.04M~ -~ -
70~ 金粵控股~ 126.02M~ -~ -
6188~ 迪信通~ 671.09M~ 4.02x~ -
8427~ 瑞強集團~ 41.29M~ -~ -
1488~ 百福控股~ 655.14M~ -~ -
666~ 新工投資~ 489.29M~ 34.00x~ -
1633~ 上諭集團~ 174.61M~ 134.21x~ -
3919~ 金力集團~ 88.80M~ 12.01x~ -
138~ 中建富通~ 200.81M~ -~ -
370~ 國華~ 421.99M~ -~ -
1549~ 永豐集團控股~ 113.40M~ 73.64x~ -
1532~ 中國派對文化~ 93.36M~ -~ -
888~ 貝森金融~ 319.91M~ 14.92x~ -
969~ 華聯國際~ 109.55M~ -~ -
8460~ 基地錦標集團~ 50.00M~ -~ -
845~ 恒盛地產~ 1.90B~ -~ -
328~ ALCO HOLDINGS~ 167.06M~ -~ -
600~ 中國基建投資~ 128.09M~ -~ -
21~ 大中華地產控股~ 341.87M~ -~ -
616~ 高山企業~ 293.40M~ -~ -
1142~ 西伯利亞礦業~ 65.98M~ -~ -
803~ 昌興國際~ 52.40M~ -~ -
380~ 冠力國際~ 121.32M~ 17.84x~ -
8042~ 高奧士國際~ 29.60M~ 16.82x~ -
8088~ 滙友生命科學~ 14.29M~ -~ -
685~ 世界華文媒體~ 489.29M~ 8.84x~ 7.00%
1693~ 璋利國際~ 127.80M~ -~ -
219~ 順豪物業~ 840.64M~ 42.90x~ -
8206~ 神通機器人教育~ 170.61M~ -~ -
8003~ 世大控股~ 162.63M~ -~ -
986~ 中國環保能源~ 206.13M~ -~ -
1063~ 新確科技~ 83.99M~ -~ -
401~ 萬嘉集團~ 100.83M~ -~ -
8123~ 華億金控~ 77.48M~ -~ -
8237~ 華星控股~ 87.25M~ -~ -
8163~ 領智金融~ 23.59M~ -~ -
619~ 南華金融~ 74.71M~ -~ -
22~ 茂盛控股~ 232.03M~ -~ -
24~ 寶威控股~ 362.92M~ -~ -
25~ CHEVALIER INT'L~ 2.84B~ 5.33x~ 5.53%
29~ 達力集團~ 3.48B~ -~ 0.14%
37~ 遠東酒店實業~ 75.72M~ -~ -
48~ 中國汽車內飾－新~ 43.95M~ -~ -
56~ 聯合地產（香港）~ 13.01B~ 4.52x~ 82.72%
67~ 旭光高新材料~ 7.03B~ -~ -
68~ 利興發展~ 177.60M~ -~ -
77~ 進智公共交通~ 176.74M~ -~ 4.62%
79~ 世紀建業~ 89.67M~ -~ -
84~ 寶光實業~ 80.57M~ -~ -
89~ 大生地產~ 1.12B~ 2.57x~ 5.64%
93~ TERMBRAY IND~ 760.27M~ -~ -
96~ ＹＵＳＥＩ~ 725.66M~ 18.91x~ 1.25%
98~ 興發鋁業~ 3.17B~ 4.81x~ 3.68%
99~ 王氏國際~ 1.10B~ 4.13x~ 2.17%
100~ 白馬戶外媒體~ 3.85B~ -~ -
103~ 首長寶佳~ 374.16M~ 3.50x~ 5.08%
104~ ASIA COMM HOLD~ 186.03M~ -~ -
106~ 朗詩地產~ 3.06B~ 2.35x~ 12.62%
109~ 天成國際~ 602.49M~ 11.18x~ -
110~ 中國長遠~ 51.39M~ -~ -
111~ 信達國際控股~ 243.65M~ 4.73x~ -
114~ HERALD HOLD~ 308.29M~ 34.93x~ 9.80%
125~ 新興光學~ 341.61M~ -~ 1.15%
130~ 慕詩國際~ 90.69M~ -~ -
132~ 中國興業控股~ 993.15M~ 14.46x~ -
137~ 金輝集團~ 286.35M~ -~ -
141~ 天禧海嘉控股~ 145.05M~ -~ -
146~ TAI PING CARPET~ 233.40M~ -~ -
147~ 國際商業結算~ 1.99B~ -~ -
153~ 中國賽特~ 314.15M~ 2.38x~ -
155~ 中國源暢~ 276.93M~ -~ -
157~ 自然美~ 1.30B~ 43.62x~ -
158~ 萬邦投資~ 4.18B~ -~ 3.04%
160~ 漢國置業~ 1.80B~ -~ 5.00%
164~ 中國寶力科技~ 368.43M~ -~ -
172~ 金榜集團~ 220.95M~ -~ -
176~ 先機企業集團~ 284.55M~ -~ -
181~ 閩港控股~ 195.88M~ 20.60x~ -
184~ 激成投資~ 945.75M~ 171.60x~ 1.62%
186~ 敏捷控股~ 3.56B~ -~ -
191~ 麗新國際~ 2.74B~ -~ -
198~ 星美控股~ 6.34B~ -~ -
206~ 華商國際海洋控股~ 791.39M~ 8.94x~ -
214~ 匯漢控股~ 655.88M~ 1.18x~ -
216~ 建業實業~ 882.18M~ -~ 3.13%
226~ 力寶~ 1.01B~ -~ 4.37%
238~ 長興國際~ 241.95M~ -~ -
239~ 白花油~ 564.06M~ 15.64x~ 4.70%
247~ TST PROPERTIES~ 45.68B~ 50.08x~ 2.28%
248~ 香港通訊國際控股~ 113.32M~ -~ -
252~ 華信地產財務~ 775.44M~ -~ 0.87%
253~ 順豪控股~ 264.80M~ 59.59x~ -
254~ 國家聯合資源~ 910.47M~ 14.79x~ -
262~ 迪臣發展國際~ 117.34M~ -~ 4.17%
264~ 中聯發展控股~ 405.66M~ -~ -
266~ 天德地產~ 2.37B~ -~ 6.20%
269~ 中國資源交通~ 74.42M~ -~ -
271~ 亞證地產~ 1.37B~ 23.77x~ 2.25%
275~ 凱華集團~ 133.87M~ -~ -
277~ 太興置業~ 1.01B~ -~ 1.23%
278~ 華廈置業~ 596.33M~ -~ 6.09%
279~ 民眾金融科技~ 168.13M~ -~ -
287~ 永發置業~ 341.20M~ -~ 3.40%
290~ 中國富強金融~ 53.08M~ -~ -
294~ 長江製衣~ 411.42M~ -~ -
295~ 江山控股~ 628.50M~ -~ -
306~ 冠忠巴士集團~ 1.03B~ 50.47x~ -
307~ 優派能源發展~ 585.46M~ -~ -
311~ 聯泰控股~ 377.45M~ 1.93x~ -
313~ 裕田中國~ 233.36M~ -~ -
333~ 黛麗斯國際~ 137.62M~ -~ -
343~ 文化傳信~ 114.03M~ -~ -
348~ 中國智能健康~ 192.62M~ -~ -
352~ 富陽~ 152.63M~ -~ -
356~ 鼎立資本~ 109.41M~ -~ -
359~ 海升果汁~ 138.00M~ -~ -
361~ 順龍控股~ 150.83M~ -~ -
364~ 區塊鏈集團~ 107.82M~ -~ -
374~ 四洲集團~ 1.02B~ -~ 3.54%
385~ 建聯集團~ 505.66M~ 3.86x~ 4.71%
387~ 力豐（集團）~ 165.65M~ -~ 3.47%
396~ 興利（香港）控股~ 106.66M~ -~ -
403~ 星光集團~ 178.54M~ 20.99x~ 17.65%
406~ 有利集團~ 407.38M~ -~ 2.69%
413~ 南華集團控股~ 1.59B~ 2.64x~ -
417~ 謝瑞麟~ 194.36M~ -~ -
418~ 方正控股~ 449.90M~ -~ -
423~ 經濟日報集團~ 431.60M~ 40.82x~ 7.00%
428~ 中國天弓控股~ 109.71M~ -~ -
430~ 東方興業控股~ 275.61M~ 3.68x~ -
442~ 海福德集團~ 157.06M~ -~ -
449~ 志高控股~ 362.66M~ -~ -
455~ 天大藥業~ 313.90M~ 97.33x~ 0.89%
458~ 聯亞集團~ 271.60M~ -~ -
462~ 天然乳品~ 5.95B~ -~ -
464~ 中國海外諾信~ 149.29M~ -~ -
465~ 富通科技~ 161.85M~ 51.49x~ -
475~ 中發展控股~ 290.36M~ -~ -
479~ 華建控股~ 52.02M~ -~ -
482~ 聖馬丁國際~ 144.36M~ -~ -
485~ 中國華星~ 51.08M~ -~ -
498~ 保華集團~ 69.54M~ -~ -
529~ SIS INT'L~ 419.72M~ 5.33x~ 1.32%
531~ 順誠~ 692.96M~ -~ -
532~ WKK INTL (HOLD)~ 386.60M~ 6.00x~ -
540~ 迅捷環球控股~ 114.00M~ 4.28x~ 15.79%
550~ KK文化~ 169.71M~ -~ -
555~ 御泰中彩控股~ 315.89M~ -~ -
556~ 泛亞環保~ 428.40M~ -~ -
557~ 天元醫療~ 678.26M~ -~ -
567~ 大昌微綫集團~ 117.54M~ -~ -
571~ 豐德麗控股~ 999.54M~ -~ -
587~ 華瀚健康~ 3.81B~ 4.12x~ 5.09%
591~ 中國高精密~ 1.26B~ -~ -
595~ AV CONCEPT HOLD~ 290.77M~ 3.11x~ 7.81%
599~ 怡邦行控股~ 174.17M~ 15.34x~ 5.17%
601~ 稀鎂科技~ 487.24M~ 2.32x~ -
602~ 佳華百貨控股~ 176.37M~ -~ -
608~ 達利國際~ 443.14M~ 6.16x~ 2.07%
609~ 天德化工~ 511.17M~ 21.74x~ -
629~ 悅達國際控股~ 303.84M~ 9.15x~ -
637~ 利記~ 205.53M~ -~ -
640~ 星謙發展~ 349.27M~ 5.68x~ 8.39%
643~ 恆富控股~ 98.16M~ -~ -
645~ 安域亞洲~ 161.65M~ -~ -
648~ 中國華仁醫療－新~ 123.89M~ -~ -
657~ 環科國際~ 52.55M~ -~ -
662~ 亞洲金融~ 3.46B~ 8.64x~ 1.64%
676~ 創信國際~ 540.68M~ -~ -
701~ CNT GROUP~ 694.84M~ 2.96x~ 5.48%
703~ FUTURE BRIGHT~ 122.89M~ -~ -
706~ 美麗中國控股~ 120.43M~ -~ -
715~ 中泛控股~ 2.50B~ -~ -
718~ 太和控股~ 446.25M~ -~ -
720~ 意達利控股~ 896.54M~ -~ -
723~ 信保環球控股~ 218.53M~ 6.49x~ -
729~ 五龍電動車~ 475.90M~ -~ -
731~ 森信紙業集團~ 416.49M~ 3.97x~ 6.58%
765~ PERFECTECH INTL~ 130.76M~ -~ -
768~ 開明投資~ 48.32M~ -~ -
770~ SHANGHAI GROWTH~ 26.50M*~ -~ -
794~ 錦勝集團（控股）~ 223.50M~ 19.06x~ -
798~ 中電光谷~ 3.29B~ 5.34x~ 5.75%
840~ 天業節水~ 53.63M~ -~ -
844~ 廣泰國際控股~ 222.45M~ -~ -
846~ 明發集團~ 11.51B~ 11.07x~ -
850~ 久康國際~ 1.05B~ -~ -
852~ 海峽石油化工~ 785.64M~ 6.28x~ -
864~ 永利地產發展~ 148.67M~ -~ -
865~ 建德國際控股~ 589.63M~ 16.29x~ -
871~ 中國疏浚環保~ 92.79M~ -~ -
885~ 仁天科技控股~ 110.22M~ -~ -
898~ 萬事昌國際~ 1.00B~ 1.89x~ 5.21%
905~ 環球大通投資~ 56.02M~ -~ -
912~ 信佳國際~ 371.37M~ 13.41x~ 6.11%
918~ 國能國際資產~ 155.85M~ 16.61x~ -
924~ 坤集團~ 445.00M~ 21.09x~ -
927~ 富士高實業~ 349.18M~ 12.04x~ 6.10%
938~ 民生國際~ 906.50M~ -~ -
952~ 中國通海金融~ 1.28B~ 231.11x~ -
967~ 桑德國際~ 4.48B~ -~ -
979~ 綠色能源科技集團~ 306.80M~ -~ -
996~ 嘉年華國際~ 9.47M~ -~ -
1000~ 北青傳媒~ 41.72M~ -~ -
1005~ MATRIX HOLDINGS~ 2.20B~ 15.39x~ 1.55%
1019~ 康宏環球~ 2.49B~ -~ -
1022~ 飛魚科技~ 236.68M~ -~ -
1028~ 千百度~ 519.25M~ -~ -
1034~ 富匯建築控股~ 284.80M~ 39.56x~ -
1041~ 林達控股~ 76.08M~ -~ -
1043~ 光宇國際集團科技~ 195.14M~ -~ -
1047~ 毅興行~ 184.60M~ -~ -
1062~ 國開國際投資~ 534.00M~ 3.03x~ -
1064~ 中華國際~ 104.18M~ -~ -
1069~ 寶沙發展~ 110.24M~ -~ -
1075~ 首都信息~ 294.30M~ 7.92x~ 5.71%
1096~ 中能國際控股~ 50.09M~ -~ -
1106~ 銘霖控股~ 148.88M~ -~ -
1116~ MAYER HOLDINGS~ 498.49M~ 110.00x~ -
1120~ 雅視光學~ 305.14M~ -~ -
1121~ 寶峰時尚~ 802.90M~ -~ -
1123~ 中港照相~ 151.72M~ -~ -
1124~ 沿海家園~ 344.11M~ -~ -
1127~ 獅子山集團~ 531.30M~ 3.83x~ 5.80%
1129~ 中國水業集團~ 423.08M~ 3.66x~ -
1130~ 中國環境資源~ 122.19M~ -~ -
1131~ 鴻寶資源~ 529.08M~ 0.50x~ 6.02%
1134~ 恒發光學~ 315.00M~ 32.47x~ 3.17%
1139~ 華多利集團~ 204.47M~ -~ -
1140~ 東英金融~ 2.37B~ -~ -
1152~ 正乾金融控股~ 45.17M~ -~ -
1155~ 星辰通信~ 244.02M~ 1.71x~ -
1160~ 優創金融~ 233.28M~ -~ -
1170~ 信星集團~ 492.78M~ -~ 5.56%
1172~ 融太集團~ 462.33M~ -~ -
1173~ 威高國際~ 115.82M~ -~ -
1178~ 匯銀控股集團~ 35.42M~ -~ -
1182~ 勝龍國際~ 250.82M~ -~ -
1190~ 航標控股~ 112.43M~ -~ -
1202~ 成都普天電纜股份~ 79.20M~ -~ -
1213~ 萬保剛集團~ 86.00M~ -~ 2.33%
1215~ 開源控股~ 485.59M~ -~ -
1217~ 中國創新投資~ 128.01M~ 5.26x~ -
1218~ 永義國際~ 237.43M~ -~ -
1219~ 天喔國際~ 838.26M~ -~ -
1220~ 志道國際~ 162.36M~ -~ -
1225~ 隆成金融~ 292.50M~ -~ -
1226~ 中國投融資~ 42.26M~ -~ -
1231~ 新礦資源~ 2.80B~ -~ -
1235~ 專業旅運~ 91.77M~ -~ -
1245~ NIRAKU~ 296.57M~ 22.75x~ 2.82%
1246~ 保集健康~ 380.24M~ -~ -
1260~ 皓天財經集團~ 748.44M~ 10.25x~ -
1285~ 嘉士利集團~ 668.15M~ 5.58x~ 3.11%
1298~ 雲能國際~ 495.78M~ -~ -
1319~ 靄華押業信貸~ 560.38M~ 5.23x~ 6.76%
1328~ 金涌投資~ 885.02M~ -~ -
1329~ 首創鉅大~ 961.53M~ -~ -
1335~ 順泰控股~ 267.75M~ -~ 9.09%
1353~ 諾奇~ 160.79M~ -~ -
1355~ 朸濬國際~ 152.44M~ -~ -
1362~ 新龍移動~ 126.00M~ -~ -
1363~ 中滔環保~ 2.14B~ 3.13x~ 8.62%
1369~ 五洲國際~ 199.61M~ -~ -
1389~ 美捷滙控股~ 133.04M~ -~ -
1412~ 雋思集團~ 489.44M~ 4.36x~ 11.96%
1418~ 盛諾集團~ 245.00M~ -~ -
1419~ 盈健醫療~ 220.14M~ -~ -
1425~ 捷隆控股~ 431.25M~ 6.27x~ 6.61%
1452~ 迪諾斯環保~ 93.86M~ -~ -
1459~ 巨匠建設~ 90.68M~ 2.47x~ 5.88%
1462~ 金誠控股~ 290.72M~ 1.81x~ -
1468~ 京基金融國際~ 1.30B~ -~ -
1480~ 恩達集團控股~ 348.00M~ 6.23x~ -
1483~ 譽宴集團~ 902.40M~ -~ -
1509~ 和美醫療~ 1.54B~ 45.64x~ -
1527~ 天潔環境~ 38.15M~ 3.93x~ -
1540~ 澳獅環球~ 201.96M~ 7.02x~ 12.35%
1542~ 台州水務~ 188.50M~ 5.58x~ 4.63%
1543~ 中盈盛達融資擔保~ 720.67M~ 13.89x~ 5.05%
1545~ 設計都會~ 236.00M~ 6.52x~ 7.46%
1546~ 德萊建業~ 172.00M~ 13.52x~ 4.65%
1551~ 廣州農商銀行~ 5.73B~ 3.76x~ 6.94%
1555~ ＭＩ能源~ 212.51M~ -~ -
1556~ 建業建榮~ 265.50M~ 4.61x~ 8.47%
1557~ 劍虹集團控股~ 200.00M~ 200.00x~ -
1568~ 承達集團~ 5.20B~ 12.59x~ -
1570~ 偉業控股~ 798.26M~ -~ -
1573~ 南方能源~ 488.24M~ 2.03x~ -
1575~ 慕容控股~ 143.00M~ -~ -
1577~ 匯鑫小貸~ 221.40M~ 11.92x~ 4.46%
1580~ 大森控股~ 219.24M~ -~ -
1609~ 創建集團控股~ 2.33B~ -~ -
1616~ 星宏傳媒~ 221.03M~ 6.55x~ -
1617~ 南方通信~ 896.00M~ 24.24x~ 4.79%
1620~ 加達控股~ 174.00M~ 16.11x~ 3.72%
1626~ 嘉耀控股~ 336.00M~ 72.73x~ -
1629~ 冠均國際控股~ 1.50B~ 177.51x~ -
1632~ 民商創科~ 343.56M~ -~ -
1649~ 內蒙古能建~ 977.64M~ 4.14x~ 1.51%
1656~ 億仕登控股~ 918.56M~ 22.47x~ 1.08%
1657~ 樺欣控股~ 144.00M~ 9.09x~ -
1659~ 海天能源~ 1.23B~ 37.50x~ -
1669~ 環球信貸集團~ 180.00M~ 2.88x~ 5.11%
1673~ 華章科技~ 828.46M~ -~ -
1678~ 中創環球~ 86.80M~ -~ -
1682~ 杭品生活科技~ 160.70M~ -~ -
1695~ 椰豐集團~ 77.76M~ -~ -
1699~ 普甜食品~ 202.12M~ 3.19x~ -
1702~ 東光化工~ 931.41M~ 5.27x~ 4.00%
1706~ 雙運控股~ 100.00M~ 3.33x~ -
1710~ 致豐工業電子~ 175.00M~ 7.81x~ 9.14%
1715~ 米技國際控股~ 228.00M~ 11.01x~ -
1718~ 宏基集團控股~ 249.60M~ -~ -
1722~ 建鵬控股~ 91.00M~ 6.59x~ -
1726~ HKE HOLDINGS~ 163.20M~ 340.00x~ -
1728~ 正通汽車~ 2.91B~ 3.65x~ -
1736~ 中國育兒網絡~ 214.36M~ -~ -
1737~ 亞洲實業集團~ 101.00M~ -~ -
1748~ 信源企業集團~ 677.60M~ 13.16x~ -
1751~ 景聯集團~ 124.99M~ -~ -
1757~ 俊裕地基~ 198.00M~ -~ -
1761~ 寶寶樹集團~ 2.32B~ -~ -
1780~ B & D STRATEGIC~ 279.00M~ 8.86x~ 10.76%
1781~ 新昌創展控股~ 98.82M~ -~ -
1782~ 飛思達科技~ 238.76M~ 17.03x~ -
1785~ 成都高速~ 903.08M~ 6.75x~ 6.61%
1790~ 達力環保~ 480.00M~ 4.46x~ -
1792~ CMON~ 133.64M~ 8.60x~ -
1793~ 偉工控股~ 124.00M~ 2.46x~ 12.26%
1796~ 耀高控股~ 244.80M~ -~ -
1803~ 北京體育文化~ 247.38M~ -~ -
1832~ 海天地悅旅~ 302.40M~ 3.49x~ 2.61%
1850~ 海鑫集團~ 208.00M~ -~ -
1854~ 展程控股~ 103.32M~ -~ -
1856~ 依波路~ 642.75M~ -~ -
1863~ 中國龍天集團~ 1.16B~ 26.45x~ -
1869~ 利寶閣集團~ 215.00M~ -~ -
1871~ 向中國際~ 93.60M~ 3.57x~ -
1875~ 東曜藥業—Ｂ~ 2.47B~ -~ -
1878~ 南戈壁—Ｓ~ 136.35M~ 4.16x~ -
1884~ ＥＰＲＩＮＴ集團~ 121.00M~ 21.36x~ -
1886~ 匯源果汁~ 5.39B~ 360.71x~ -
1889~ 三愛健康集團~ 276.05M~ -~ -
1900~ 中國智能交通~ 272.91M~ -~ -
1915~ 泰和小貸~ 289.50M~ 21.05x~ 1.42%
1933~ 元力控股~ 141.09M~ -~ -
1943~ 銀濤控股~ 190.00M~ -~ -
1960~ TBKS HLDGS~ 204.00M~ 8.50x~ -
1969~ 中國春來~ 1.84B~ 10.10x~ -
1983~ 瀘州銀行~ 1.73B~ 9.04x~ 5.14%
1990~ 興華港口~ 2.09B~ 24.45x~ 1.95%
1991~ 大洋集團~ 239.57M~ -~ -
1993~ 雅仕維~ 1.89B~ -~ -
1998~ 飛克國際~ 308.78M~ -~ -
2010~ 瑞年國際~ 318.39M~ -~ -
2025~ 瑞豐動力~ 880.00M~ 26.76x~ 1.82%
2028~ 映美控股~ 79.67M~ -~ -
2031~ 澳至尊~ 220.98M~ 18.13x~ 3.45%
2033~ 時計寶~ 1.55B~ 17.08x~ -
2080~ 奧克斯國際~ 142.49M~ 10.80x~ -
2088~ 西王置業~ 116.92M~ -~ -
2111~ 超盈國際控股~ 1.34B~ 4.46x~ 4.50%
2116~ 江蘇創新~ 160.80M~ 5.46x~ 2.99%
2123~ 金盾控股~ 253.09M~ 4.16x~ -
2133~ 信盛礦業~ 102.02M~ -~ -
2178~ 百勤油服~ 170.94M~ -~ -
2183~ 三盛控股~ 2.51B~ 33.12x~ -
2193~ 萬景控股~ 144.83M~ 49.29x~ -
2203~ 腦洞科技~ 216.00M~ -~ -
2213~ 益華控股~ 101.31M~ -~ -
2225~ 今海國際~ 1.66B~ -~ -
2228~ 中國節能海東青~ 1.39B~ -~ -
2239~ 國微控股~ 1.03B~ 12.40x~ 0.31%
2258~ 華滋國際海洋~ 536.51M~ 4.87x~ 4.62%
2268~ 優源控股~ 323.18M~ 0.42x~ -
2278~ 海藍控股~ 1.58B~ -~ -
2286~ 辰興發展~ 941.99M~ 7.92x~ -
2292~ 晉安實業~ 698.40M~ -~ -
2293~ 百本醫護~ 372.00M~ 12.13x~ 5.38%
2307~ 錦興國際控股~ 330.56M~ 5.50x~ 3.95%
2310~ 時代環球集團~ 158.46M~ -~ -
2317~ 味丹國際~ 1.08B~ 8.92x~ 4.44%
2320~ 合豐集團~ 192.14M~ -~ -
2323~ 融科控股~ 750.72M~ -~ -
2330~ 中國上城~ 11.67M~ 0.14x~ -
2349~ 中國城市基礎設施~ 331.59M~ -~ -
2366~ 星美文化旅遊~ 93.17M~ -~ -
2662~ 承興國際控股~ 1.24B~ 14.39x~ 1.03%
2668~ 百德國際~ 713.40M~ 13.09x~ -
2683~ 華新手袋國際控股~ 89.89M~ 8.12x~ 9.09%
2699~ 新明中國~ 1.91B~ -~ -
2718~ 東正金融~ 318.39M~ 2.77x~ -
2892~ 萬城控股~ 847.50M~ 43.30x~ -
2898~ 龍潤茶~ 551.57M~ -~ -
2950~ 中國智能健康－舊~ 185.68M~ -~ -
2951~ STYLAND-OLD~ 163.06M~ -~ -
2952~ 中國汽車內飾－舊~ 43.47M~ -~ -
2954~ 築友智造科技－舊~ 2.80B~ 25.25x~ -
2956~ 中國上城（舊）~ 118.60M~ 1.46x~ -
2959~ 贏家時尚（一千）~ 10.90B~ 21.04x~ 1.01%
3326~ 保發集團~ 295.65M~ 1.73x~ 9.13%
3332~ 中生聯合~ 43.59M~ -~ -
3335~ ＤＢＡ電訊~ 2.11B~ -~ -
3398~ 華鼎控股~ 629.94M~ -~ -
3626~ HSSP INTL~ 79.12M~ -~ -
3628~ 仁恒實業控股~ 83.61M~ 115.56x~ -
3636~ 保利文化~ 406.09M~ 20.59x~ 1.71%
3639~ 億達中國~ 5.52B~ 11.25x~ -
3668~ 兗煤澳大利亞~ 15.84B~ 4.30x~ 9.07%
3699~ 光大永年~ 205.25M~ 5.05x~ 4.77%
3737~ 中智藥業~ 1.27B~ 10.06x~ 6.25%
3778~ 中國織材控股~ 488.41M~ -~ 3.85%
3789~ 御佳控股~ 165.60M~ 6.13x~ 3.26%
3816~ ＫＦＭ金德~ 136.20M~ 206.36x~ -
3822~ 三和建築集團~ 164.64M~ 2.25x~ 20.41%
3839~ 正大企業國際~ 339.41M~ 2.90x~ -
3860~ 尚捷集團控股~ 250.00M~ 10.99x~ -
3869~ 弘和仁愛醫療~ 1.52B~ 9.23x~ -
3886~ 康健國際醫療~ 5.17B~ -~ -
3903~ 瀚華金控~ 292.50M~ 4.36x~ -
3948~ 伊泰煤炭~ 1.90B~ 4.58x~ 6.59%
3963~ 融眾金融~ 127.87M~ -~ -
3997~ 電訊首科~ 115.50M~ 46.15x~ 6.67%
4332~ AMGEN-T~ 1,128.38B~ -~ -
4333~ 思科—Τ~ 642.10B~ -~ -
4335~ 英特爾—Τ~ 1,674.39B~ -~ -
4336~ 應用材料—Τ~ 424.99B~ -~ -
4337~ 星巴克—Ｔ~ 70.24B~ -~ -
4338~ 微軟—Τ~ 12,704.95B~ -~ -
4604~ ICBC EURPREF1~ -~ -~ -
4606~ CCB 15USDPREF~ -~ -~ -
4607~ CINDA 16USDPREF~ -~ -~ -
4608~ HSBNK 16USDPREF~ -~ -~ -
4609~ CMBC 16USDPREF~ -~ -~ -
4610~ CZB 17USDPREF~ -~ -~ -
4611~ BQD 17USDPREF~ -~ -~ -
4612~ PSBC 17USDPREF~ -~ -~ -
4613~ ZZBNK 17USDPREF~ -~ -~ -
4614~ CMB 17USDPREF~ -~ -~ -
4615~ BOJZ 17USDPREF~ -~ -~ -
4616~ BCQ 17USDPREF~ -~ -~ -
4617~ ZYBNK 18USDPREF~ -~ -~ -
4618~ GRCB 19USDPREF~ -~ -~ -
4619~ BOC 20USDPREF~ -~ -~ -
4620~ ICBC 20USDPREF~ -~ -~ -
6090~ 勝捷企業~ 1.55B~ 2.79x~ 3.01%
6108~ 新銳醫藥~ 710.53M~ -~ -
6113~ UTS MARKETING~ 372.00M~ 15.50x~ 4.84%
6122~ 九台農商銀行~ 2.07B~ 9.57x~ 7.56%
6133~ 維太創科~ 221.00M~ -~ -
6168~ 優通未來~ 449.01M~ -~ -
6182~ 乙德投資控股~ 186.40M~ -~ -
6183~ 中國綠寶~ 122.94M~ 0.73x~ -
6190~ 九江銀行~ 4.47B~ 13.17x~ 1.19%
6199~ 貴州銀行~ 5.45B~ 7.92x~ 3.08%
6288~ FAST RETAIL-DRS~ 26.97B~ 82.69x~ 0.65%
6816~ 瑞港建設~ 416.00M~ 34.44x~ -
6838~ 盈利時~ 940.00M~ 6.79x~ 1.60%
6885~ 金馬能源~ 356.15M~ 2.16x~ 16.84%
6888~ 英達公路再生科技~ 146.74M~ 34.87x~ -
6890~ 康利國際控股~ 424.37M~ 15.73x~ 1.14%
6898~ 中國鋁罐~ 392.27M~ 10.38x~ 1.38%
6966~ 中國萬桐園~ 485.00M~ 18.80x~ -
8001~ 東方匯財證券~ 95.04M~ 22.68x~ -
8009~ 華夏能源控股~ 17.37M~ -~ -
8013~ ECI TECH~ 80.00M~ 100.00x~ -
8015~ 中國趨勢二一零三~ -~ -~ -
8018~ 匯財金融投資~ 60.50M~ -~ -
8019~ 皓文控股~ 37.13M~ -~ -
8021~ 匯隆控股~ 474.11M~ -~ -
8025~ 亞洲資產~ 96.43M~ -~ -
8031~ 易通訊集團~ 89.60M~ 11.81x~ -
8033~ 愛達利網絡~ 73.11M~ -~ 8.40%
8035~ 駿高控股~ 102.00M~ -~ -
8036~ 電子交易集團~ 103.32M~ 93.33x~ -
8045~ 南大蘇富特~ 32.33M~ -~ -
8048~ 御德國際控股~ 85.69M~ -~ -
8049~ 吉林長龍藥業~ 241.50M~ 4.95x~ 2.74%
8051~ 訊智海~ 115.52M~ 46.42x~ -
8052~ 陸慶娛樂~ 61.20M~ -~ -
8055~ 中國網絡信息科技~ 118.04M~ -~ -
8056~ 生活概念~ 37.27M~ -~ -
8059~ 朝威控股~ 80.84M~ -~ -
8060~ 國聯通信~ 35.24M~ -~ -
8065~ 高萌科技~ 79.60M~ 3.68x~ 10.05%
8067~ 東方大學城控股~ 234.00M~ 4.68x~ -
8070~ 僑洋國際控股~ 26.00M~ -~ -
8073~ 興業新材料~ 122.20M~ 6.15x~ 4.26%
8075~ 寰亞傳媒~ 40.58M~ -~ -
8079~ 易還財務投資~ 53.35M~ -~ -
8090~ 中國融保金融集團~ 72.48M~ -~ -
8091~ 奧傳思維控股~ 20.16M~ -~ -
8092~ ITE HOLDINGS~ 25.91M~ 25.45x~ -
8096~ 賞之味~ 42.50M~ -~ -
8098~ 昌利控股~ 134.20M~ 5.70x~ 16.39%
8100~ 智易控股~ 220.00M~ -~ -
8106~ 升華蘭德~ 39.31M~ 15.00x~ -
8108~ 福澤集團~ 46.13M~ -~ -
8111~ 中國科技產業集團~ 174.78M~ -~ -
8112~ 基石金融~ 10.61M~ -~ -
8115~ 上海青浦消防~ 27.78M~ -~ -
8116~ 中國幸福投資~ 72.74M~ -~ -
8117~ 中國基礎能源~ 189.43M~ -~ -
8119~ 即時科研~ 35.09M~ 10.78x~ -
8121~ 超凡網絡~ 36.67M~ -~ -
8131~ 辰罡科技~ 16.25M~ -~ -
8132~ 中油港燃~ 59.28M~ -~ -
8135~ 正美豐業~ 222.09M~ -~ -
8136~ 英馬斯集團~ 55.00M~ 11.00x~ -
8148~ 奧栢中國~ 38.17M~ -~ -
8149~ 浩德控股~ 168.00M~ 350.00x~ 1.43%
8151~ 寶申控股~ 42.00M~ -~ -
8160~ GOLDWAY EDU~ 42.32M~ -~ -
8165~ 華普智通~ 85.99M~ -~ -
8166~ 中國農業生態~ 31.70M~ -~ -
8168~ 寶積資本~ 166.00M~ -~ 2.41%
8169~ 環康集團~ 53.26M~ -~ -
8170~ 全民國際~ 1.29B~ 111.31x~ -
8171~ 中國趨勢~ 427.16M~ -~ -
8172~ 拉近網娛~ 277.80M~ -~ -
8176~ 超人智能~ 470.78M~ -~ -
8181~ 時時服務~ 206.29M~ 14.57x~ -
8186~ 同仁資源~ 11.48M~ -~ -
8189~ 泰達生物~ 96.95M~ -~ -
8190~ 康佰控股~ 92.19M~ -~ -
8191~ 鴻偉亞洲~ 109.90M~ 4.34x~ -
8192~ 環球通証~ 32.12M~ -~ -
8202~ 匯創控股~ 36.09M~ 0.93x~ -
8207~ 中新控股~ 277.69M~ -~ -
8211~ 浙江永安~ 54.68M~ -~ -
8213~ 榮暉控股~ 187.47M~ -~ -
8215~ FIRST CREDIT~ 391.91M~ -~ -
8218~ 毅高國際控股~ 21.42M~ -~ -
8220~ 比高集團~ 42.76M~ -~ -
8235~ 賽迪顧問~ 81.51M~ 4.18x~ 4.03%
8236~ 寶德科技集團~ 209.58M~ 6.82x~ -
8238~ 惠陶集團~ 49.68M~ -~ -
8239~ 首都金融控股~ 41.91M~ -~ -
8241~ 英記茶莊集團~ 64.44M~ -~ -
8245~ 安悅國際控股~ 54.46M~ -~ -
8247~ 中生北控生物科技~ 108.00M~ -~ 6.76%
8255~ 神州數字~ 88.80M~ -~ -
8256~ 金利通~ 53.42M~ 17.60x~ -
8258~ 西北實業~ 23.17M~ 8.14x~ -
8260~ 銀合控股~ 189.59M~ -~ -
8262~ 宏強控股~ 172.80M~ 72.00x~ -
8265~ 中國之信集團~ 39.47M~ 10.83x~ -
8266~ 卓信國際控股~ 75.41M~ -~ -
8270~ 中國煤層氣~ 31.66M~ -~ -
8271~ 環球數碼創意~ 120.80M~ 12.50x~ -
8272~ 華人飲食集團~ 6.73M~ -~ -
8277~ 駿東控股~ 41.55M~ -~ -
8280~ 中國數字視頻~ 56.09M~ -~ -
8281~ 中國金典集團~ 270.00M~ 25.71x~ -
8282~ 智傲控股~ 39.84M~ -~ -
8285~ 森浩集團~ 31.92M~ -~ -
8286~ 長城微光~ 10.45M~ -~ -
8290~ 亞勢備份~ 50.00M~ 250.00x~ -
8299~ 大唐潼金~ 46.40M~ -~ -
8300~ 皇璽餐飲集團~ 84.58M~ -~ -
8305~ 棠記控股~ 49.60M~ 22.14x~ -
8317~ 財華社集團~ 426.58M~ -~ -
8326~ 同景新能源~ 161.96M~ 25.71x~ -
8331~ 恆勤集團~ 36.21M~ 4.50x~ -
8333~ 阿仕特朗金融~ 84.80M~ 7.07x~ 11.79%
8337~ 直通電訊~ 77.64M~ -~ -
8340~ 域高金融~ 23.04M~ -~ -
8346~ 創新電子控股~ 48.00M~ -~ -
8349~ 美固科技控股~ 260.00M~ 67.71x~ -
8351~ 俊文寶石~ 36.18M~ -~ -
8353~ 安科系統~ 103.78M~ 65.00x~ -
8356~ 中國新華電視~ 64.88M~ -~ -
8365~ 建泉國際控股~ 76.98M~ -~ -
8366~ 浙江聯合投資~ 282.31M~ -~ -
8375~ 弘浩國際控股~ 39.20M~ 25.79x~ 4.08%
8377~ 申酉控股~ 48.00M~ -~ -
8383~ 東駿控股~ 58.40M~ 4.71x~ -
8385~ 萬里印刷~ 150.40M~ 8.28x~ -
8405~ 恒智控股~ 352.00M~ 12.46x~ 6.82%
8416~ HM INTL HLDGS~ 22.80M~ 8.77x~ -
8419~ ＡＶ策劃推廣~ 160.00M~ 6.53x~ -
8428~ 國茂控股~ 216.00M~ -~ -
8432~ 太平洋酒吧~ 73.10M~ 16.35x~ 12.94%
8436~ 德寶集團控股~ 84.00M~ 2.54x~ -
8439~ 新百利融資~ 212.74M~ -~ 1.67%
8445~ 怡康泰工程集團~ 33.00M~ -~ -
8448~ 環球印館~ 81.00M~ -~ -
8450~ 鉅京控股~ 75.00M~ -~ -
8452~ 富銀融資股份~ 61.98M~ 6.27x~ 7.91%
8472~ 立高控股~ 110.00M~ -~ -
8475~ 千盛集團控股~ 316.80M~ -~ -
8479~ 金泰豐國際控股~ 539.40M~ 7.06x~ -
8481~ 盛龍錦秀國際~ 107.50M~ 5.11x~ -
8483~ 名仕快相~ 54.40M~ -~ 7.35%
8490~ 駿碼科技~ 190.48M~ -~ -
8501~ 莊皇集團公司~ 92.00M~ 5.61x~ -
8521~ 智紡國際控股~ 96.00M~ 2.74x~ 5.00%
8525~ 百應控股~ 143.10M~ 6.80x~ -
8527~ 聚利寶控股~ 157.50M~ -~ -
8532~ 寶發控股~ 68.80M~ 22.63x~ -
8535~ 熒德控股~ 96.00M~ 10.00x~ -
8540~ 勝利證券~ 254.05M~ 26.96x~ 2.28%
8601~ 寶燵控股~ 175.20M~ 10.63x~ -
8603~ 亮晴控股~ 144.00M~ -~ -
8611~ MINDTELL TECH~ 31.98M~ 13.02x~ -
8617~ 永聯豐控股~ 192.00M~ 21.52x~ 4.17%
9978~ 方圓房服集團~ 220.00M~ 9.08x~ -
28453~ 恆大瑞通A4月CW21~ -~ -~ -
28625~ 阿里瑞通B2月CW21~ -~ -~ -
29246~ 瑞聲瑞通A8月PW21~ -~ -~ -
29263~ 美團瑞通B2月CW21~ -~ -~ -
29572~ 恆大瑞通A5月CW21~ -~ -~ -
29583~ 建行瑞通B3月CW21~ -~ -~ -
50686~ 恆指瑞通S3月RC23~ -~ -~ -
51446~ 恆指瑞通D12月RC22~ -~ -~ -
51447~ 騰訊瑞通K6月RC21~ -~ -~ -
57637~ 鐵塔瑞通A9月RC21~ -~ -~ -
59236~ 阿里瑞通A9月RP21~ -~ -~ -
60173~ 融創瑞通A3月RP21~ -~ -~ -
80737~ 灣區發展－Ｒ~ 6.99B*~ 9.87x~ 5.15%
